,cost,tech_or_group,cap_lower,cap_upper,cost_lower,cost_upper,segment
0,23330.0,GSL_PLANT,0,2,,35367.730362953625,0
1,17680.0,GSL_PLANT,2,3,35367.730362953625,45108.86983643775,1
2,15035.0,GSL_PLANT,3,4,45108.86983643775,53607.454831001625,2
3,13400.0,GSL_PLANT,4,5,53607.454831001625,61287.3997879575,3
4,12255.0,GSL_PLANT,5,6,61287.3997879575,68372.2613076499,4
5,11395.0,GSL_PLANT,6,7,68372.2613076499,74997.71255727403,5
6,10710.0,GSL_PLANT,7,8,74997.71255727403,81253.70737580705,6
7,10155.0,GSL_PLANT,8,9,81253.70737580705,87203.65723496545,7
8,9685.0,GSL_PLANT,9,10,87203.65723496545,92894.32717695303,8
9,9285.0,GSL_PLANT,10,11,92894.32717695303,98361.4233515664,9
10,8940.0,GSL_PLANT,11,12,98361.4233515664,103632.96915378282,10
11,8635.0,GSL_PLANT,12,13,103632.96915378282,108731.45632512156,11
12,8360.0,GSL_PLANT,13,14,108731.45632512156,113675.27537344517,12
13,8115.0,GSL_PLANT,14,15,113675.27537344517,118479.70085063417,13
14,7895.0,GSL_PLANT,15,16,118479.70085063417,123157.59035989885,14
15,7695.0,GSL_PLANT,16,17,123157.59035989885,127719.89309697601,15
16,7510.0,GSL_PLANT,17,18,127719.89309697601,132176.02793133145,16
17,7340.0,GSL_PLANT,18,19,132176.02793133145,136534.16985437664,17
18,7185.0,GSL_PLANT,19,20,136534.16985437664,140801.47063694484,18
19,7040.0,GSL_PLANT,20,21,140801.47063694484,144984.23132667557,19
20,6900.0,GSL_PLANT,21,22,144984.23132667557,149088.0388795119,20
21,6775.0,GSL_PLANT,22,23,149088.0388795119,153117.87566682696,21
22,6655.0,GSL_PLANT,23,24,153117.87566682696,157078.2081830497,22
23,6540.0,GSL_PLANT,24,25,157078.2081830497,160973.05960267992,23
24,6435.0,GSL_PLANT,25,26,160973.05960267992,164806.06965278854,24
25,6335.0,GSL_PLANT,26,27,164806.06965278854,168580.544419019,25
26,6240.0,GSL_PLANT,27,28,168580.544419019,172299.49808616232,26
27,6150.0,GSL_PLANT,28,29,172299.49808616232,175965.68815959385,27
28,6065.0,GSL_PLANT,29,30,175965.68815959385,179581.6453745023,28
29,5985.0,GSL_PLANT,30,31,179581.6453745023,183149.69924375822,29
30,5905.0,GSL_PLANT,31,32,183149.69924375822,186671.99999999997,30
31,5830.0,GSL_PLANT,32,33,186671.99999999997,190150.53753717997,31
32,5760.0,GSL_PLANT,33,34,190150.53753717997,193587.15784002354,32
33,5690.0,GSL_PLANT,34,35,193587.15784002354,196983.57729836184,33
34,5625.0,GSL_PLANT,35,36,196983.57729836184,200341.3952310602,34
35,5565.0,GSL_PLANT,36,37,200341.3952310602,203662.10488680887,35
36,5500.0,GSL_PLANT,37,38,203662.10488680887,206947.10314302327,36
37,5445.0,GSL_PLANT,38,39,206947.10314302327,210197.69908700715,37
38,5385.0,GSL_PLANT,39,40,210197.69908700715,213415.12163344465,38
39,5335.0,GSL_PLANT,40,41,213415.12163344465,216600.5263077435,39
40,5280.0,GSL_PLANT,41,42,216600.5263077435,219755.001304618,40
41,5230.0,GSL_PLANT,42,43,219755.001304618,222879.5729147013,41
42,5180.0,GSL_PLANT,43,44,222879.5729147013,225975.21039822252,42
43,5135.0,GSL_PLANT,44,45,225975.21039822252,229042.8303733325,43
44,5085.0,GSL_PLANT,45,46,229042.8303733325,232083.300777089,44
45,5045.0,GSL_PLANT,46,47,232083.300777089,235097.4444490717,45
46,5000.0,GSL_PLANT,47,48,235097.4444490717,238086.0423808176,46
47,4960.0,GSL_PLANT,48,49,238086.0423808176,241049.83666853092,47
48,4915.0,GSL_PLANT,49,50,241049.83666853092,243989.5332016477,48
49,4875.0,GSL_PLANT,50,51,243989.5332016477,246905.8041156782,49
50,4840.0,GSL_PLANT,51,52,246905.8041156782,249799.29003419817,50
51,4800.0,GSL_PLANT,52,53,249799.29003419817,252670.6021218073,51
52,4765.0,GSL_PLANT,53,54,252670.6021218073,255520.32396724913,52
53,4730.0,GSL_PLANT,54,55,255520.32396724913,258349.0133136191,53
54,4695.0,GSL_PLANT,55,56,258349.0133136191,261157.20365062286,54
55,4660.0,GSL_PLANT,56,57,261157.20365062286,263945.4056821445,55
56,4630.0,GSL_PLANT,57,58,263945.4056821445,266714.10868089896,56
57,4595.0,GSL_PLANT,58,59,266714.10868089896,269463.7817406485,57
58,4565.0,GSL_PLANT,59,60,269463.7817406485,272194.87493532855,58
59,4535.0,GSL_PLANT,60,61,272194.87493532855,274907.82039343653,59
60,4505.0,GSL_PLANT,61,62,274907.82039343653,277603.03329516127,60
61,4475.0,GSL_PLANT,62,63,277603.03329516127,280280.91279896244,61
62,4445.0,GSL_PLANT,63,64,280280.91279896244,282941.842903629,62
63,4420.0,GSL_PLANT,64,65,282941.842903629,285586.19325124566,63
64,4390.0,GSL_PLANT,65,66,285586.19325124566,288214.319875961,64
65,4365.0,GSL_PLANT,66,67,288214.319875961,290826.565902981,65
66,4340.0,GSL_PLANT,67,68,290826.565902981,293423.262201787,66
67,4315.0,GSL_PLANT,68,69,293423.262201787,296004.72799720394,67
68,4285.0,GSL_PLANT,69,70,296004.72799720394,298571.2714416086,68
69,4265.0,GSL_PLANT,70,71,298571.2714416086,301123.19015126745,69
70,4240.0,GSL_PLANT,71,72,301123.19015126745,303660.77170952514,70
71,4215.0,GSL_PLANT,72,73,303660.77170952514,306184.29413932376,71
72,4190.0,GSL_PLANT,73,74,306184.29413932376,308694.0263473144,72
73,4170.0,GSL_PLANT,74,75,308694.0263473144,311190.22854163125,73
74,4145.0,GSL_PLANT,75,76,311190.22854163125,313673.15262521646,74
75,4125.0,GSL_PLANT,76,77,313673.15262521646,316143.04256643174,75
76,4105.0,GSL_PLANT,77,78,316143.04256643174,318600.13474854425,76
77,4080.0,GSL_PLANT,78,79,318600.13474854425,321044.65829954523,77
78,4060.0,GSL_PLANT,79,80,321044.65829954523,323476.8354036437,78
79,4040.0,GSL_PLANT,80,81,323476.8354036437,325896.881595669,79
80,4020.0,GSL_PLANT,81,82,325896.881595669,328305.0060395181,80
81,4000.0,GSL_PLANT,82,83,328305.0060395181,330701.4117916972,81
82,3980.0,GSL_PLANT,83,84,330701.4117916972,333086.29605092364,82
83,3965.0,GSL_PLANT,84,85,333086.29605092364,335459.8503946843,83
84,3945.0,GSL_PLANT,85,86,335459.8503946843,337822.261003575,84
85,3925.0,GSL_PLANT,86,87,337822.261003575,340173.7088741885,85
86,3910.0,GSL_PLANT,87,88,340173.7088741885,342514.37002125866,86
87,3890.0,GSL_PLANT,88,89,342514.37002125866,344844.4156697197,87
88,3870.0,GSL_PLANT,89,90,344844.4156697197,347164.012437291,88
89,3855.0,GSL_PLANT,90,91,347164.012437291,349473.3225081539,89
90,3840.0,GSL_PLANT,91,92,349473.3225081539,351772.5037982493,90
91,3820.0,GSL_PLANT,92,93,351772.5037982493,354061.71011268586,91
92,3805.0,GSL_PLANT,93,94,354061.71011268586,356341.091295716,92
93,3790.0,GSL_PLANT,94,95,356341.091295716,358610.7933737069,93
94,3770.0,GSL_PLANT,95,96,358610.7933737069,360870.958691502,94
95,3755.0,GSL_PLANT,96,97,360870.958691502,363121.72604254587,95
96,3740.0,GSL_PLANT,97,98,363121.72604254587,365363.2307931179,96
97,3725.0,GSL_PLANT,98,99,365363.2307931179,367595.60500099947,97
98,3710.0,GSL_PLANT,99,100,367595.60500099947,369818.9775288762,98
99,3695.0,GSL_PLANT,100,101,369818.9775288762,372033.47415276145,99
100,3680.0,GSL_PLANT,101,102,372033.47415276145,374239.2176657047,100
101,3665.0,GSL_PLANT,102,103,374239.2176657047,376436.3279770344,101
102,3650.0,GSL_PLANT,103,104,376436.3279770344,378624.92220736993,102
103,3640.0,GSL_PLANT,104,105,378624.92220736993,380805.1147796211,103
104,3625.0,GSL_PLANT,105,106,380805.1147796211,382977.01750618056,104
105,3610.0,GSL_PLANT,106,107,382977.01750618056,385140.7396725049,105
106,3595.0,GSL_PLANT,107,108,385140.7396725049,387296.3881172634,106
107,3585.0,GSL_PLANT,108,109,387296.3881172634,389444.0673092287,107
108,3570.0,GSL_PLANT,109,110,389444.0673092287,391583.8794210679,108
109,3555.0,GSL_PLANT,110,111,391583.8794210679,393715.9244001883,109
110,3545.0,GSL_PLANT,111,112,393715.9244001883,395840.3000367789,110
111,3530.0,GSL_PLANT,112,113,395840.3000367789,397957.1020291837,111
112,3520.0,GSL_PLANT,113,114,397957.1020291837,400066.4240467341,112
113,3505.0,GSL_PLANT,114,115,400066.4240467341,402168.35779016,113
114,3495.0,GSL_PLANT,115,116,402168.35779016,404262.99304969335,114
115,3485.0,GSL_PLANT,116,117,404262.99304969335,406350.41776097176,115
116,3470.0,GSL_PLANT,117,118,406350.41776097176,408430.7180588431,116
117,3460.0,GSL_PLANT,118,119,408430.7180588431,410503.9783291667,117
118,3445.0,GSL_PLANT,119,120,410503.9783291667,412570.2812587034,118
119,3435.0,GSL_PLANT,120,121,412570.2812587034,414629.70788317785,119
120,3425.0,GSL_PLANT,121,122,414629.70788317785,416682.33763359685,120
121,3415.0,GSL_PLANT,122,123,416682.33763359685,418728.24838089966,121
122,3400.0,GSL_PLANT,123,124,418728.24838089966,420767.5164790135,122
123,3390.0,GSL_PLANT,124,125,420767.5164790135,422800.2168063836,123
124,3380.0,GSL_PLANT,125,126,422800.2168063836,424826.42280604364,124
125,3370.0,GSL_PLANT,126,127,424826.42280604364,426846.20652428904,125
126,3360.0,GSL_PLANT,127,128,426846.20652428904,428859.638648013,126
127,3350.0,GSL_PLANT,128,129,428859.638648013,430866.7885407602,127
128,3340.0,GSL_PLANT,129,130,430866.7885407602,432867.72427755303,128
129,3325.0,GSL_PLANT,130,131,432867.72427755303,434862.51267854095,129
130,3315.0,GSL_PLANT,131,132,434862.51267854095,436851.2193415211,130
131,3305.0,GSL_PLANT,132,133,436851.2193415211,438833.9086733766,131
132,3295.0,GSL_PLANT,133,134,438833.9086733766,440810.6439204763,132
133,3285.0,GSL_PLANT,134,135,440810.6439204763,442781.4871980777,133
134,3275.0,GSL_PLANT,135,136,442781.4871980777,444746.4995187728,134
135,3270.0,GSL_PLANT,136,137,444746.4995187728,446705.7408200157,135
136,3260.0,GSL_PLANT,137,138,446705.7408200157,448659.26999076625,136
137,3250.0,GSL_PLANT,138,139,448659.26999076625,450607.144897286,137
138,3240.0,GSL_PLANT,139,140,450607.144897286,452549.42240811896,138
139,3230.0,GSL_PLANT,140,141,452549.42240811896,454486.15841828793,139
140,3220.0,GSL_PLANT,141,142,454486.15841828793,456417.40787273675,140
141,3210.0,GSL_PLANT,142,143,456417.40787273675,458343.22478904744,141
142,3205.0,GSL_PLANT,143,144,458343.22478904744,460263.6622794593,142
143,3195.0,GSL_PLANT,144,145,460263.6622794593,462178.772572216,143
144,3185.0,GSL_PLANT,145,146,462178.772572216,464088.6070322656,144
145,3175.0,GSL_PLANT,146,147,464088.6070322656,465993.216181338,145
146,3170.0,GSL_PLANT,147,148,465993.216181338,467892.6497174219,146
147,3160.0,GSL_PLANT,148,149,467892.6497174219,469786.9565336633,147
148,3150.0,GSL_PLANT,149,150,469786.9565336633,471676.1847367074,148
149,3140.0,GSL_PLANT,150,151,471676.1847367074,473560.38166450243,149
150,3135.0,GSL_PLANT,151,152,473560.38166450243,475439.59390358516,150
151,3125.0,GSL_PLANT,152,153,475439.59390358516,477313.867305868,151
152,3115.0,GSL_PLANT,153,154,477313.867305868,479183.2470049426,152
153,3110.0,GSL_PLANT,154,155,479183.2470049426,481047.7774319186,153
154,3100.0,GSL_PLANT,155,156,481047.7774319186,482907.50233081373,154
155,3095.0,GSL_PLANT,156,157,482907.50233081373,484762.4647735098,155
156,3085.0,GSL_PLANT,157,158,484762.4647735098,486612.70717429067,156
157,3075.0,GSL_PLANT,158,159,486612.70717429067,488458.2713039751,157
158,3070.0,GSL_PLANT,159,160,488458.2713039751,490299.19830366,158
159,3060.0,GSL_PLANT,160,161,490299.19830366,492135.52869808493,159
160,3055.0,GSL_PLANT,161,162,492135.52869808493,493967.3024086332,160
161,3045.0,GSL_PLANT,162,163,493967.3024086332,495794.5587659787,161
162,3040.0,GSL_PLANT,163,164,495794.5587659787,497617.336522394,162
163,3030.0,GSL_PLANT,164,165,497617.336522394,499435.6738637254,163
164,3025.0,GSL_PLANT,165,166,499435.6738637254,501249.6084210525,164
165,3015.0,GSL_PLANT,166,167,501249.6084210525,503059.17728203675,165
166,3010.0,GSL_PLANT,167,168,503059.17728203675,504864.417001972,166
167,3005.0,GSL_PLANT,168,169,504864.417001972,506665.363614546,167
168,2995.0,GSL_PLANT,169,170,506665.363614546,508462.0526423226,168
169,2990.0,GSL_PLANT,170,171,508462.0526423226,510254.5191069518,169
170,2980.0,GSL_PLANT,171,172,510254.5191069518,512042.79753911827,170
171,2975.0,GSL_PLANT,172,173,512042.79753911827,513826.9219882352,171
172,2970.0,GSL_PLANT,173,174,513826.9219882352,515606.92603189265,172
173,2960.0,GSL_PLANT,174,175,515606.92603189265,517382.84278506605,173
174,2955.0,GSL_PLANT,175,176,517382.84278506605,519154.7049090942,174
175,2945.0,GSL_PLANT,176,177,519154.7049090942,520922.544620433,175
176,2940.0,GSL_PLANT,177,178,520922.544620433,522686.3936991921,176
177,2935.0,GSL_PLANT,178,179,522686.3936991921,524446.2834974596,177
178,2925.0,GSL_PLANT,179,180,524446.2834974596,526202.2449474238,178
179,2920.0,GSL_PLANT,180,181,526202.2449474238,527954.3085692959,179
180,2915.0,GSL_PLANT,181,182,527954.3085692959,529702.50447904,180
181,2910.0,GSL_PLANT,182,183,529702.50447904,531446.8623959173,181
182,2900.0,GSL_PLANT,183,184,531446.8623959173,533187.4116498483,182
183,2895.0,GSL_PLANT,184,185,533187.4116498483,534924.1811885998,183
184,2890.0,GSL_PLANT,185,186,534924.1811885998,536657.1995848,184
185,2885.0,GSL_PLANT,186,187,536657.1995848,538386.4950427898,185
186,2875.0,GSL_PLANT,187,188,538386.4950427898,540112.095405311,186
187,2870.0,GSL_PLANT,188,189,540112.095405311,541834.0281600392,187
188,2865.0,GSL_PLANT,189,190,541834.0281600392,543552.3204459648,188
189,2860.0,GSL_PLANT,190,191,543552.3204459648,545266.9990596263,189
190,2850.0,GSL_PLANT,191,192,545266.9990596263,546978.0904611992,190
191,2845.0,GSL_PLANT,192,193,546978.0904611992,548685.6207804471,191
192,2840.0,GSL_PLANT,193,194,548685.6207804471,550389.615822537,192
193,2835.0,GSL_PLANT,194,195,550389.615822537,552090.1010737206,193
194,2830.0,GSL_PLANT,195,196,552090.1010737206,553787.1017068909,194
195,2825.0,GSL_PLANT,196,197,553787.1017068909,555480.6425870117,195
196,2815.0,GSL_PLANT,197,198,555480.6425870117,557170.7482764274,196
197,2810.0,GSL_PLANT,198,199,557170.7482764274,558857.4430400536,197
198,2805.0,GSL_PLANT,199,200,558857.4430400536,560540.7508504543,198
199,2800.0,GSL_PLANT,200,201,560540.7508504543,562220.6953928069,199
200,2795.0,GSL_PLANT,201,202,562220.6953928069,563897.3000697586,200
201,2790.0,GSL_PLANT,202,203,563897.3000697586,565570.5880061772,201
202,2785.0,GSL_PLANT,203,204,565570.5880061772,567240.5820537994,202
203,2780.0,GSL_PLANT,204,205,567240.5820537994,568907.304795778,203
204,2775.0,GSL_PLANT,205,206,568907.304795778,570570.7785511325,204
205,2765.0,GSL_PLANT,206,207,570570.7785511325,572231.0253791049,205
206,2760.0,GSL_PLANT,207,208,572231.0253791049,573888.0670834213,206
207,2755.0,GSL_PLANT,208,209,573888.0670834213,575541.925216466,207
208,2750.0,GSL_PLANT,209,210,575541.925216466,577192.6210833653,208
209,2745.0,GSL_PLANT,210,211,577192.6210833653,578840.1757459879,209
210,2740.0,GSL_PLANT,211,212,578840.1757459879,580484.6100268606,210
211,2735.0,GSL_PLANT,212,213,580484.6100268606,582125.9445130032,211
212,2730.0,GSL_PLANT,213,214,582125.9445130032,583764.1995596841,212
213,2725.0,GSL_PLANT,214,215,583764.1995596841,585399.3952940997,213
214,2720.0,GSL_PLANT,215,216,585399.3952940997,587031.551618977,214
215,2715.0,GSL_PLANT,216,217,587031.551618977,588660.6882161039,215
216,2710.0,GSL_PLANT,217,218,588660.6882161039,590286.8245497884,216
217,2705.0,GSL_PLANT,218,219,590286.8245497884,591909.9798702461,217
218,2700.0,GSL_PLANT,219,220,591909.9798702461,593530.1732169228,218
219,2695.0,GSL_PLANT,220,221,593530.1732169228,595147.4234217468,219
220,2690.0,GSL_PLANT,221,222,595147.4234217468,596761.7491123208,220
221,2685.0,GSL_PLANT,222,223,596761.7491123208,598373.1687150471,221
222,2680.0,GSL_PLANT,223,224,598373.1687150471,599981.7004581923,222
223,2675.0,GSL_PLANT,224,225,599981.7004581923,601587.3623748934,223
224,2670.0,GSL_PLANT,225,226,601587.3623748934,603190.1723061026,224
225,2665.0,GSL_PLANT,226,227,603190.1723061026,604790.1479034764,225
226,2660.0,GSL_PLANT,227,228,604790.1479034764,606387.3066322088,226
227,2655.0,GSL_PLANT,228,229,606387.3066322088,607981.6657738092,227
228,2650.0,GSL_PLANT,229,231,607981.6657738092,611162.0535195238,228
229,2645.0,GSL_PLANT,231,232,611162.0535195238,612748.1157924982,229
230,2640.0,GSL_PLANT,232,233,612748.1157924982,614331.4458212538,230
231,2635.0,GSL_PLANT,233,234,614331.4458212538,615912.060008726,231
232,2630.0,GSL_PLANT,234,235,615912.060008726,617489.974589757,232
233,2625.0,GSL_PLANT,235,236,617489.974589757,619065.2056335261,233
234,2620.0,GSL_PLANT,236,237,619065.2056335261,620637.7690459338,234
235,2615.0,GSL_PLANT,237,238,620637.7690459338,622207.6805719434,235
236,2610.0,GSL_PLANT,238,239,622207.6805719434,623774.9557978769,236
237,2605.0,GSL_PLANT,239,241,623774.9557978769,626901.6589150901,237
238,2600.0,GSL_PLANT,241,242,626901.6589150901,628461.1172058996,238
239,2595.0,GSL_PLANT,242,243,628461.1172058996,630017.9999999999,239
240,2590.0,GSL_PLANT,243,244,630017.9999999999,631572.3221235217,240
241,2585.0,GSL_PLANT,244,245,631572.3221235217,633124.0982568833,241
242,2580.0,GSL_PLANT,245,246,633124.0982568833,634673.3429368105,242
243,2575.0,GSL_PLANT,246,248,634673.3429368105,637764.2953766778,243
244,2570.0,GSL_PLANT,248,249,637764.2953766778,639306.031509294,244
245,2565.0,GSL_PLANT,249,250,639306.031509294,640845.2929376237,245
246,2560.0,GSL_PLANT,250,251,640845.2929376237,642382.0935090038,246
247,2555.0,GSL_PLANT,251,253,642382.0935090038,645448.3668105458,247
248,2550.0,GSL_PLANT,253,254,645448.3668105458,646977.8665809835,248
249,2545.0,GSL_PLANT,254,255,646977.8665809835,648504.9595784988,249
250,2540.0,GSL_PLANT,255,256,648504.9595784988,650029.6590064563,250
251,2535.0,GSL_PLANT,256,258,650029.6590064563,653071.9293503627,251
252,2530.0,GSL_PLANT,258,259,653071.9293503627,654589.5260611249,252
253,2525.0,GSL_PLANT,259,260,654589.5260611249,656104.7807951424,253
254,2520.0,GSL_PLANT,260,261,656104.7807951424,657617.7061534259,254
255,2515.0,GSL_PLANT,261,263,657617.7061534259,660636.6185694177,255
256,2510.0,GSL_PLANT,263,264,660636.6185694177,662142.6302562113,256
257,2505.0,GSL_PLANT,264,265,662142.6302562113,663646.3618283683,257
258,2500.0,GSL_PLANT,265,267,663646.3618283683,666647.0326676876,258
259,2495.0,GSL_PLANT,267,268,666647.0326676876,668143.995684382,259
260,2490.0,GSL_PLANT,268,269,668143.995684382,669638.7260882439,260
261,2485.0,GSL_PLANT,269,271,669638.7260882439,672621.5353981969,261
262,2480.0,GSL_PLANT,271,272,672621.5353981969,674109.6372181128,262
263,2475.0,GSL_PLANT,272,273,674109.6372181128,675595.5522554105,263
264,2470.0,GSL_PLANT,273,275,675595.5522554105,678560.8667084997,264
265,2465.0,GSL_PLANT,275,276,678560.8667084997,680040.2882434659,265
266,2460.0,GSL_PLANT,276,278,680040.2882434659,682992.7145087678,266
267,2455.0,GSL_PLANT,278,279,682992.7145087678,684465.7407876791,267
268,2450.0,GSL_PLANT,279,280,684465.7407876791,685936.656708698,268
269,2445.0,GSL_PLANT,280,282,685936.656708698,688872.1995642682,269
270,2440.0,GSL_PLANT,282,283,688872.1995642682,690336.8473185223,270
271,2435.0,GSL_PLANT,283,285,690336.8473185223,693259.9468687845,271
272,2430.0,GSL_PLANT,285,286,693259.9468687845,694718.4189605585,272
273,2425.0,GSL_PLANT,286,288,694718.4189605585,697629.2578797234,273
274,2420.0,GSL_PLANT,288,289,697629.2578797234,699081.6444974279,274
275,2415.0,GSL_PLANT,289,291,699081.6444974279,701980.4009100801,275
276,2410.0,GSL_PLANT,291,292,701980.4009100801,703426.7900075391,276
277,2405.0,GSL_PLANT,292,294,703426.7900075391,706313.6376475153,277
278,2400.0,GSL_PLANT,294,295,706313.6376475153,707754.1150216014,278
279,2395.0,GSL_PLANT,295,297,707754.1150216014,710629.2233837607,279
280,2390.0,GSL_PLANT,297,298,710629.2233837607,712063.8727485738,280
281,2385.0,GSL_PLANT,298,300,712063.8727485738,714927.4072338465,281
282,2380.0,GSL_PLANT,300,301,714927.4072338465,716356.3102916246,282
283,2375.0,GSL_PLANT,301,303,716356.3102916246,719208.4323457035,283
284,2370.0,GSL_PLANT,303,305,719208.4323457035,722053.033911398,284
285,2365.0,GSL_PLANT,305,306,722053.033911398,723472.53610065,285
286,2360.0,GSL_PLANT,306,308,723472.53610065,726305.9858796354,286
287,2355.0,GSL_PLANT,308,310,726305.9858796354,729132.0855365657,287
288,2350.0,GSL_PLANT,310,311,729132.0855365657,730542.3998291709,288
289,2345.0,GSL_PLANT,311,313,730542.3998291709,733357.5983029084,289
290,2340.0,GSL_PLANT,313,315,733357.5983029084,736165.6105101425,290
291,2335.0,GSL_PLANT,315,316,736165.6105101425,737566.9417385457,291
292,2330.0,GSL_PLANT,316,318,737566.9417385457,740364.2938644657,292
293,2325.0,GSL_PLANT,318,320,740364.2938644657,743154.6174156242,293
294,2320.0,GSL_PLANT,320,321,743154.6174156242,744547.1627066246,294
295,2315.0,GSL_PLANT,321,323,744547.1627066246,747327.0582791355,295
296,2310.0,GSL_PLANT,323,325,747327.0582791355,750100.0771282241,296
297,2305.0,GSL_PLANT,325,327,750100.0771282241,752866.2784273977,297
298,2300.0,GSL_PLANT,327,328,752866.2784273977,754246.8407497723,298
299,2295.0,GSL_PLANT,328,330,754246.8407497723,757002.9247815328,299
300,2290.0,GSL_PLANT,330,332,757002.9247815328,759752.3354406393,300
301,2285.0,GSL_PLANT,332,334,759752.3354406393,762495.1289414745,301
302,2280.0,GSL_PLANT,334,336,762495.1289414745,765231.3606915027,302
303,2275.0,GSL_PLANT,336,337,765231.3606915027,766597.0330081781,303
304,2270.0,GSL_PLANT,337,339,766597.0330081781,769323.5242958955,304
305,2265.0,GSL_PLANT,339,341,769323.5242958955,772043.5889272034,305
306,2260.0,GSL_PLANT,341,343,772043.5889272034,774757.2796110542,306
307,2255.0,GSL_PLANT,343,345,774757.2796110542,777464.6483196304,307
308,2250.0,GSL_PLANT,345,347,777464.6483196304,780165.7463028493,308
309,2245.0,GSL_PLANT,347,349,780165.7463028493,782860.6241025012,309
310,2240.0,GSL_PLANT,349,351,782860.6241025012,785549.3315660316,310
311,2235.0,GSL_PLANT,351,353,785549.3315660316,788231.9178599766,311
312,2230.0,GSL_PLANT,353,355,788231.9178599766,790908.4314830664,312
313,2225.0,GSL_PLANT,355,357,790908.4314830664,793578.9202790024,313
314,2220.0,GSL_PLANT,357,359,793578.9202790024,796243.4314489197,314
315,2215.0,GSL_PLANT,359,361,796243.4314489197,798902.0115635457,315
316,2210.0,GSL_PLANT,361,363,798902.0115635457,801554.7065750611,316
317,2205.0,GSL_PLANT,363,365,801554.7065750611,804201.5618286753,317
318,2200.0,GSL_PLANT,365,367,804201.5618286753,806842.6220739215,318
319,2195.0,GSL_PLANT,367,369,806842.6220739215,809477.9314756826,319
320,2190.0,GSL_PLANT,369,371,809477.9314756826,812107.5336249531,320
321,2185.0,GSL_PLANT,371,373,812107.5336249531,814731.4715493469,321
322,2180.0,GSL_PLANT,373,375,814731.4715493469,817349.7877233574,322
323,2175.0,GSL_PLANT,375,377,817349.7877233574,819962.5240783764,323
324,2170.0,GSL_PLANT,377,380,819962.5240783764,823871.2568651176,324
325,2165.0,GSL_PLANT,380,382,823871.2568651176,826470.223646085,325
326,2160.0,GSL_PLANT,382,384,826470.223646085,829063.7532302625,326
327,2155.0,GSL_PLANT,384,386,829063.7532302625,831651.8852229657,327
328,2150.0,GSL_PLANT,386,389,831651.8852229657,835524.048155983,328
329,2145.0,GSL_PLANT,389,391,835524.048155983,838098.8562356734,329
330,2140.0,GSL_PLANT,391,393,838098.8562356734,840668.4015240663,330
331,2135.0,GSL_PLANT,393,395,840668.4015240663,843232.7214790622,331
332,2130.0,GSL_PLANT,395,398,843232.7214790622,847069.4847334503,332
333,2125.0,GSL_PLANT,398,400,847069.4847334503,849620.9022682109,333
334,2120.0,GSL_PLANT,400,402,849620.9022682109,852167.2220418736,334
335,2115.0,GSL_PLANT,402,405,852167.2220418736,855977.220879507,335
336,2110.0,GSL_PLANT,405,407,855977.220879507,858510.9505203791,336
337,2105.0,GSL_PLANT,407,410,858510.9505203791,862302.226687741,337
338,2100.0,GSL_PLANT,410,412,862302.226687741,864823.5814166873,338
339,2095.0,GSL_PLANT,412,415,864823.5814166873,868596.4530264725,339
340,2090.0,GSL_PLANT,415,417,868596.4530264725,871105.6418333985,340
341,2085.0,GSL_PLANT,417,419,871105.6418333985,873610.0214413384,341
342,2080.0,GSL_PLANT,419,422,873610.0214413384,877357.6437399843,342
343,2075.0,GSL_PLANT,422,425,877357.6437399843,881094.6243227661,343
344,2070.0,GSL_PLANT,425,427,881094.6243227661,883580.0845810266,344
345,2065.0,GSL_PLANT,427,430,883580.0845810266,887299.5614724362,345
346,2060.0,GSL_PLANT,430,432,887299.5614724362,889773.4478531873,346
347,2055.0,GSL_PLANT,432,435,889773.4478531873,893475.7046852085,347
348,2050.0,GSL_PLANT,435,438,893475.7046852085,897167.7623721684,348
349,2045.0,GSL_PLANT,438,440,897167.7623721684,899623.5162686759,349
350,2040.0,GSL_PLANT,440,443,899623.5162686759,903298.7916319628,350
351,2035.0,GSL_PLANT,443,446,903298.7916319628,906964.1247767182,351
352,2030.0,GSL_PLANT,446,448,906964.1247767182,909402.2029875614,352
353,2025.0,GSL_PLANT,448,451,909402.2029875614,913051.172809122,353
354,2020.0,GSL_PLANT,451,454,913051.172809122,916690.4464395731,354
355,2015.0,GSL_PLANT,454,457,916690.4464395731,920320.1134622246,355
356,2010.0,GSL_PLANT,457,460,920320.1134622246,923940.2620508316,356
357,2005.0,GSL_PLANT,460,463,923940.2620508316,927550.9790008094,357
358,2000.0,GSL_PLANT,463,465,927550.9790008094,929952.9260857159,358
359,1995.0,GSL_PLANT,465,468,929952.9260857159,933548.1128687725,359
360,1990.0,GSL_PLANT,468,471,933548.1128687725,937134.0929570151,360
361,1985.0,GSL_PLANT,471,474,937134.0929570151,940710.9483449762,361
362,1980.0,GSL_PLANT,474,477,940710.9483449762,944278.7597832524,362
363,1975.0,GSL_PLANT,477,480,944278.7597832524,947837.6068050732,363
364,1970.0,GSL_PLANT,480,483,947837.6068050732,951387.567752138,364
365,1965.0,GSL_PLANT,483,486,951387.567752138,954928.7197997478,365
366,1960.0,GSL_PLANT,486,490,954928.7197997478,959636.6843849149,366
367,1955.0,GSL_PLANT,490,493,959636.6843849149,963157.5760897893,367
368,1950.0,GSL_PLANT,493,496,963157.5760897893,966669.9080312614,368
369,1945.0,GSL_PLANT,496,499,966669.9080312614,970173.7526044742,369
370,1940.0,GSL_PLANT,499,502,970173.7526044742,973669.1811612287,370
371,1935.0,GSL_PLANT,502,505,973669.1811612287,977156.2640311583,371
372,1930.0,GSL_PLANT,505,509,977156.2640311583,981792.8453628095,372
373,1925.0,GSL_PLANT,509,512,981792.8453628095,985260.7228791907,373
374,1920.0,GSL_PLANT,512,515,985260.7228791907,988720.4820193364,374
375,1915.0,GSL_PLANT,515,519,988720.4820193364,993320.9797902099,375
376,1910.0,GSL_PLANT,519,522,993320.9797902099,996762.0516473145,376
377,1905.0,GSL_PLANT,522,526,996762.0516473145,1001337.8672090775,377
378,1900.0,GSL_PLANT,526,529,1001337.8672090775,1004760.6003566419,378
379,1895.0,GSL_PLANT,529,533,1004760.6003566419,1009312.1910614878,379
380,1890.0,GSL_PLANT,533,536,1009312.1910614878,1012716.9230732699,380
381,1885.0,GSL_PLANT,536,540,1012716.9230732699,1017244.7319351451,381
382,1880.0,GSL_PLANT,540,543,1017244.7319351451,1020631.7898705263,382
383,1875.0,GSL_PLANT,543,547,1020631.7898705263,1025136.2461937357,383
384,1870.0,GSL_PLANT,547,551,1025136.2461937357,1029627.5458868715,384
385,1865.0,GSL_PLANT,551,554,1029627.5458868715,1032987.4670283293,385
386,1860.0,GSL_PLANT,554,558,1032987.4670283293,1037456.062520697,386
387,1855.0,GSL_PLANT,558,562,1037456.062520697,1041911.8630573148,387
388,1850.0,GSL_PLANT,562,565,1041911.8630573148,1045245.393439598,388
389,1845.0,GSL_PLANT,565,569,1045245.393439598,1049679.107856357,389
390,1840.0,GSL_PLANT,569,573,1049679.107856357,1054100.3722758938,390
391,1835.0,GSL_PLANT,573,577,1054100.3722758938,1058509.3082058306,391
392,1830.0,GSL_PLANT,577,581,1058509.3082058306,1062906.0351349285,392
393,1825.0,GSL_PLANT,581,585,1062906.0351349285,1067290.6705802786,393
394,1820.0,GSL_PLANT,585,589,1067290.6705802786,1071663.3301330798,394
395,1815.0,GSL_PLANT,589,593,1071663.3301330798,1076024.1275030475,395
396,1810.0,GSL_PLANT,593,597,1076024.1275030475,1080373.1745615068,396
397,1805.0,GSL_PLANT,597,601,1080373.1745615068,1084710.5813832183,397
398,1800.0,GSL_PLANT,601,606,1084710.5813832183,1090116.1356803556,398
399,1795.0,GSL_PLANT,606,610,1090116.1356803556,1094427.7453986004,399
400,1790.0,GSL_PLANT,610,614,1094427.7453986004,1098728.0606982964,400
401,1785.0,GSL_PLANT,614,618,1098728.0606982964,1103017.1844577864,401
402,1780.0,GSL_PLANT,618,623,1103017.1844577864,1108363.0052017986,402
403,1775.0,GSL_PLANT,623,627,1108363.0052017986,1112627.3159339312,403
404,1770.0,GSL_PLANT,627,632,1112627.3159339312,1117942.432503523,404
405,1765.0,GSL_PLANT,632,636,1117942.432503523,1122182.4254631433,405
406,1760.0,GSL_PLANT,636,641,1122182.4254631433,1127467.446362291,406
407,1755.0,GSL_PLANT,641,645,1127467.446362291,1131683.600096465,407
408,1750.0,GSL_PLANT,645,650,1131683.600096465,1136939.1134439767,408
409,1745.0,GSL_PLANT,650,654,1136939.1134439767,1141131.8905794367,409
410,1740.0,GSL_PLANT,654,659,1141131.8905794367,1146358.4650631065,410
411,1735.0,GSL_PLANT,659,664,1146358.4650631065,1151569.201272342,411
412,1730.0,GSL_PLANT,664,669,1151569.201272342,1156764.2659288533,412
413,1725.0,GSL_PLANT,669,673,1156764.2659288533,1160909.1442648075,413
414,1720.0,GSL_PLANT,673,678,1160909.1442648075,1166076.4107814536,414
415,1715.0,GSL_PLANT,678,683,1166076.4107814536,1171228.456918429,415
416,1710.0,GSL_PLANT,683,688,1171228.456918429,1176365.4384425299,416
417,1705.0,GSL_PLANT,688,693,1176365.4384425299,1181487.5084075686,417
418,1700.0,GSL_PLANT,693,698,1181487.5084075686,1186594.8172208304,418
419,1695.0,GSL_PLANT,698,704,1186594.8172208304,1192704.3110360953,419
420,1690.0,GSL_PLANT,704,709,1192704.3110360953,1197779.6621162803,420
421,1685.0,GSL_PLANT,709,714,1197779.6621162803,1202840.7163003185,421
422,1680.0,GSL_PLANT,714,719,1202840.7163003185,1207887.6135600235,422
423,1675.0,GSL_PLANT,719,725,1207887.6135600235,1213925.3967661306,423
424,1670.0,GSL_PLANT,725,730,1213925.3967661306,1218941.6300772594,424
425,1665.0,GSL_PLANT,730,736,1218941.6300772594,1224943.0053346157,425
426,1660.0,GSL_PLANT,736,741,1224943.0053346157,1229929.217028567,426
427,1655.0,GSL_PLANT,741,747,1229929.217028567,1235894.941330347,427
428,1650.0,GSL_PLANT,747,753,1235894.941330347,1241841.5291572826,428
429,1645.0,GSL_PLANT,753,758,1241841.5291572826,1246782.5547641702,429
430,1640.0,GSL_PLANT,758,764,1246782.5547641702,1252694.6097079248,430
431,1635.0,GSL_PLANT,764,770,1252694.6097079248,1258588.12166296,431
432,1630.0,GSL_PLANT,770,776,1258588.12166296,1264463.2926055966,432
433,1625.0,GSL_PLANT,776,782,1264463.2926055966,1270320.3207698269,433
434,1620.0,GSL_PLANT,782,788,1270320.3207698269,1276159.4007447925,434
435,1615.0,GSL_PLANT,788,794,1276159.4007447925,1281980.7235690062,435
436,1610.0,GSL_PLANT,794,800,1281980.7235690062,1287784.4768214393,436
437,1605.0,GSL_PLANT,800,806,1287784.4768214393,1293570.8447096122,437
438,1600.0,GSL_PLANT,806,813,1293570.8447096122,1300299.8752662283,438
439,1595.0,GSL_PLANT,813,819,1300299.8752662283,1306049.1912559178,439
440,1590.0,GSL_PLANT,819,826,1306049.1912559178,1312735.475809469,440
441,1585.0,GSL_PLANT,826,832,1312735.475809469,1318448.5572223081,441
442,1580.0,GSL_PLANT,832,839,1318448.5572223081,1325093.031332528,442
443,1575.0,GSL_PLANT,839,845,1325093.031332528,1330770.66506195,443
444,1570.0,GSL_PLANT,845,852,1330770.66506195,1337374.229726364,444
445,1565.0,GSL_PLANT,852,859,1337374.229726364,1343956.1278643357,445
446,1560.0,GSL_PLANT,859,866,1343956.1278643357,1350516.6062639665,446
447,1555.0,GSL_PLANT,866,873,1350516.6062639665,1357055.9069333673,447
448,1550.0,GSL_PLANT,873,880,1357055.9069333673,1363574.2672307687,448
449,1545.0,GSL_PLANT,880,887,1363574.2672307687,1370071.9199900837,449
450,1540.0,GSL_PLANT,887,894,1370071.9199900837,1376549.0936421184,450
451,1535.0,GSL_PLANT,894,901,1376549.0936421184,1383006.0123316098,451
452,1530.0,GSL_PLANT,901,909,1383006.0123316098,1390360.8279742345,452
453,1525.0,GSL_PLANT,909,916,1390360.8279742345,1396775.0786854634,453
454,1520.0,GSL_PLANT,916,924,1396775.0786854634,1404081.6910289738,454
455,1515.0,GSL_PLANT,924,931,1404081.6910289738,1410454.2445817671,455
456,1510.0,GSL_PLANT,931,939,1410454.2445817671,1417713.7415534626,456
457,1505.0,GSL_PLANT,939,947,1417713.7415534626,1424948.540774213,457
458,1500.0,GSL_PLANT,947,955,1424948.540774213,1432158.933853911,458
459,1495.0,GSL_PLANT,955,963,1432158.933853911,1439345.2065493343,459
460,1490.0,GSL_PLANT,963,971,1439345.2065493343,1446507.6389292013,460
461,1485.0,GSL_PLANT,971,979,1446507.6389292013,1453646.5055332491,461
462,1480.0,GSL_PLANT,979,988,1453646.5055332491,1461649.8969328837,462
463,1475.0,GSL_PLANT,988,996,1461649.8969328837,1468739.5734688176,463
464,1470.0,GSL_PLANT,996,1004,1468739.5734688176,1475806.5081866882,464
465,1465.0,GSL_PLANT,1004,1013,1475806.5081866882,1483729.9413593938,465
466,1460.0,GSL_PLANT,1013,1022,1483729.9413593938,1491625.265762902,466
467,1455.0,GSL_PLANT,1022,1030,1491625.265762902,1498620.0142448545,467
468,1450.0,GSL_PLANT,1030,1039,1498620.0142448545,1506463.1823293637,468
469,1445.0,GSL_PLANT,1039,1048,1506463.1823293637,1514279.2214746869,469
470,1440.0,GSL_PLANT,1048,1057,1514279.2214746869,1522068.4572978201,470
471,1435.0,GSL_PLANT,1057,1067,1522068.4572978201,1530692.115514801,471
472,1430.0,GSL_PLANT,1067,1076,1530692.115514801,1538425.8061997518,472
473,1425.0,GSL_PLANT,1076,1086,1538425.8061997518,1546988.5122139163,473
474,1420.0,GSL_PLANT,1086,1095,1546988.5122139163,1554668.0198332758,474
475,1415.0,GSL_PLANT,1095,1105,1554668.0198332758,1563171.2553364797,475
476,1410.0,GSL_PLANT,1105,1115,1563171.2553364797,1571643.7650392572,476
477,1405.0,GSL_PLANT,1115,1125,1571643.7650392572,1580085.9340555822,477
478,1400.0,GSL_PLANT,1125,1135,1580085.9340555822,1588498.1392979475,478
479,1395.0,GSL_PLANT,1135,1145,1588498.1392979475,1596880.749722628,479
480,1390.0,GSL_PLANT,1145,1155,1596880.749722628,1605234.1265655325,480
481,1385.0,GSL_PLANT,1155,1166,1605234.1265655325,1614389.4982791499,481
482,1380.0,GSL_PLANT,1166,1176,1614389.4982791499,1622682.6273553453,482
483,1375.0,GSL_PLANT,1176,1187,1622682.6273553453,1631772.556900287,483
484,1370.0,GSL_PLANT,1187,1198,1631772.556900287,1640828.853473489,484
485,1365.0,GSL_PLANT,1198,1209,1640828.853473489,1649851.9486378396,485
486,1360.0,GSL_PLANT,1209,1220,1649851.9486378396,1658842.2645492826,486
487,1355.0,GSL_PLANT,1220,1231,1658842.2645492826,1667800.2142446882,487
488,1350.0,GSL_PLANT,1231,1243,1667800.2142446882,1677536.0841885249,488
489,1345.0,GSL_PLANT,1243,1254,1677536.0841885249,1686427.6551130582,489
490,1340.0,GSL_PLANT,1254,1266,1686427.6551130582,1696092.043861776,490
491,1335.0,GSL_PLANT,1266,1278,1696092.043861776,1705719.8590985495,491
492,1330.0,GSL_PLANT,1278,1290,1705719.8590985495,1715311.5807143403,492
493,1325.0,GSL_PLANT,1290,1302,1715311.5807143403,1724867.677905738,493
494,1320.0,GSL_PLANT,1302,1314,1724867.677905738,1734388.6095094825,494
495,1315.0,GSL_PLANT,1314,1327,1734388.6095094825,1744663.7889792162,495
496,1310.0,GSL_PLANT,1327,1340,1744663.7889792162,1754898.78201046,496
497,1305.0,GSL_PLANT,1340,1352,1754898.78201046,1764311.2707891145,497
498,1300.0,GSL_PLANT,1352,1365,1764311.2707891145,1774470.5025303534,498
499,1295.0,GSL_PLANT,1365,1379,1774470.5025303534,1785368.0279365126,499
500,1290.0,GSL_PLANT,1379,1392,1785368.0279365126,1795447.5995857886,500
501,1285.0,GSL_PLANT,1392,1406,1795447.5995857886,1806260.5051142392,501
502,1280.0,GSL_PLANT,1406,1419,1806260.5051142392,1816262.5608891551,502
503,1275.0,GSL_PLANT,1419,1433,1816262.5608891551,1826993.1025774858,503
504,1270.0,GSL_PLANT,1433,1447,1826993.1025774858,1837681.7915690306,504
505,1265.0,GSL_PLANT,1447,1462,1837681.7915690306,1849088.157245021,505
506,1260.0,GSL_PLANT,1462,1476,1849088.157245021,1859691.9365850384,506
507,1255.0,GSL_PLANT,1476,1491,1859691.9365850384,1871008.5822712725,507
508,1250.0,GSL_PLANT,1491,1506,1871008.5822712725,1882279.7787242988,508
509,1245.0,GSL_PLANT,1506,1521,1882279.7787242988,1893506.1584585584,509
510,1240.0,GSL_PLANT,1521,1537,1893506.1584585584,1905432.2610809437,510
511,1235.0,GSL_PLANT,1537,1552,1905432.2610809437,1916567.9603465875,511
512,1230.0,GSL_PLANT,1552,1568,1916567.9603465875,1928398.6933482473,512
513,1225.0,GSL_PLANT,1568,1584,1928398.6933482473,1940181.2350566674,513
514,1220.0,GSL_PLANT,1584,1600,1940181.2350566674,1951916.265613181,514
515,1215.0,GSL_PLANT,1600,1617,1951916.265613181,1964333.4197210332,515
516,1210.0,GSL_PLANT,1617,1634,1964333.4197210332,1976698.4642346648,516
517,1205.0,GSL_PLANT,1634,1651,1976698.4642346648,1989012.156605792,517
518,1200.0,GSL_PLANT,1651,1668,1989012.156605792,2001275.235605322,518
519,1195.0,GSL_PLANT,1668,1685,2001275.235605322,2013488.4219694126,519
520,1190.0,GSL_PLANT,1685,1703,2013488.4219694126,2026366.4311622262,520
521,1185.0,GSL_PLANT,1703,1721,2026366.4311622262,2039190.1080007728,521
522,1180.0,GSL_PLANT,1721,1739,2039190.1080007728,2051960.2464218552,522
523,1175.0,GSL_PLANT,1739,1758,2051960.2464218552,2065382.6096353703,523
524,1170.0,GSL_PLANT,1758,1777,2065382.6096353703,2078747.0706012023,524
525,1165.0,GSL_PLANT,1777,1796,2078747.0706012023,2092054.494243162,525
526,1160.0,GSL_PLANT,1796,1815,2092054.494243162,2105305.723570101,526
527,1155.0,GSL_PLANT,1815,1835,2105305.723570101,2119194.5806551953,527
528,1150.0,GSL_PLANT,1835,1855,2119194.5806551953,2133023.0172317065,528
529,1145.0,GSL_PLANT,1855,1875,2133023.0172317065,2146791.943378915,529
530,1140.0,GSL_PLANT,1875,1896,2146791.943378915,2161186.23778315,530
531,1135.0,GSL_PLANT,1896,1917,2161186.23778315,2175516.899498262,531
532,1130.0,GSL_PLANT,1917,1938,2175516.899498262,2189784.90232872,532
533,1125.0,GSL_PLANT,1938,1960,2189784.90232872,2204666.161495521,533
534,1120.0,GSL_PLANT,1960,1982,2204666.161495521,2219480.7549355137,534
535,1115.0,GSL_PLANT,1982,2004,2219480.7549355137,2234229.7163708187,535
536,1110.0,GSL_PLANT,2004,2027,2234229.7163708187,2249580.002621788,536
537,1105.0,GSL_PLANT,2027,2050,2249580.002621788,2264860.774194632,537
538,1100.0,GSL_PLANT,2050,2073,2264860.774194632,2280073.1205778727,538
539,1095.0,GSL_PLANT,2073,2097,2280073.1205778727,2295875.0677148094,539
540,1090.0,GSL_PLANT,2097,2121,2295875.0677148094,2311604.837483104,540
541,1085.0,GSL_PLANT,2121,2145,2311604.837483104,2327263.570751749,541
542,1080.0,GSL_PLANT,2145,2170,2327263.570751749,2343500.4100178755,542
543,1075.0,GSL_PLANT,2170,2196,2343500.4100178755,2360307.546822266,543
544,1070.0,GSL_PLANT,2196,2221,2360307.546822266,2376393.3514522063,544
545,1065.0,GSL_PLANT,2221,2247,2376393.3514522063,2393045.9455732144,545
546,1060.0,GSL_PLANT,2247,2274,2393045.9455732144,2410257.648804246,546
547,1055.0,GSL_PLANT,2274,2301,2410257.648804246,2427387.7993129254,547
548,1050.0,GSL_PLANT,2301,2329,2427387.7993129254,2445067.689351928,548
549,1045.0,GSL_PLANT,2329,2357,2445067.689351928,2462662.7596794465,549
550,1040.0,GSL_PLANT,2357,2385,2462662.7596794465,2480174.4176786183,550
551,1035.0,GSL_PLANT,2385,2414,2480174.4176786183,2498225.0167611567,551
552,1030.0,GSL_PLANT,2414,2443,2498225.0167611567,2516189.082833957,552
553,1025.0,GSL_PLANT,2443,2473,2516189.082833957,2534683.0659479224,553
554,1020.0,GSL_PLANT,2473,2504,2534683.0659479224,2553699.481200358,554
555,1015.0,GSL_PLANT,2504,2535,2553699.481200358,2572621.955619662,555
556,1010.0,GSL_PLANT,2535,2566,2572621.955619662,2591452.0936557036,556
557,1005.0,GSL_PLANT,2566,2598,2591452.0936557036,2610794.4546116786,557
558,1000.0,GSL_PLANT,2598,2631,2610794.4546116786,2630641.713731678,558
559,995.0,GSL_PLANT,2631,2664,2630641.713731678,2650389.6433493886,559
560,990.0,GSL_PLANT,2664,2698,2650389.6433493886,2670633.920073307,560
561,985.0,GSL_PLANT,2698,2732,2670633.920073307,2690776.403575829,561
562,980.0,GSL_PLANT,2732,2767,2690776.403575829,2711406.850709255,562
563,975.0,GSL_PLANT,2767,2802,2711406.850709255,2731933.175685163,563
564,970.0,GSL_PLANT,2802,2839,2731933.175685163,2753521.228418378,564
565,965.0,GSL_PLANT,2839,2876,2753521.228418378,2774997.029435387,565
566,960.0,GSL_PLANT,2876,2913,2774997.029435387,2796362.5954345693,566
567,955.0,GSL_PLANT,2913,2951,2796362.5954345693,2818192.918172223,567
568,950.0,GSL_PLANT,2951,2990,2818192.918172223,2840481.1170871994,568
569,945.0,GSL_PLANT,2990,3030,2840481.1170871994,2863220.340393644,569
570,940.0,GSL_PLANT,3030,3071,2863220.340393644,2886403.7719437904,570
571,935.0,GSL_PLANT,3071,3112,2886403.7719437904,2909463.7230785955,571
572,930.0,GSL_PLANT,3112,3154,2909463.7230785955,2932960.4515128043,572
573,925.0,GSL_PLANT,3154,3197,2932960.4515128043,2956887.3226607754,573
574,920.0,GSL_PLANT,3197,3240,2956887.3226607754,2980685.807221222,574
575,915.0,GSL_PLANT,3240,3285,2980685.807221222,3005456.3017713064,575
576,910.0,GSL_PLANT,3285,3330,3005456.3017713064,3030091.4336988507,576
577,905.0,GSL_PLANT,3330,3376,3030091.4336988507,3055136.7638800135,577
578,900.0,GSL_PLANT,3376,3423,3055136.7638800135,3080585.968913762,578
579,895.0,GSL_PLANT,3423,3471,3080585.968913762,3106432.78978223,579
580,890.0,GSL_PLANT,3471,3520,3106432.78978223,3132671.035368543,580
581,885.0,GSL_PLANT,3520,3570,3132671.035368543,3159294.58563173,581
582,880.0,GSL_PLANT,3570,3621,3159294.58563173,3186297.394453456,582
583,875.0,GSL_PLANT,3621,3673,3186297.394453456,3213673.492171533,583
584,870.0,GSL_PLANT,3673,3726,3213673.492171533,3241416.987815334,584
585,865.0,GSL_PLANT,3726,3780,3241416.987815334,3269522.071058254,585
586,860.0,GSL_PLANT,3780,3835,3269522.071058254,3297983.013902302,586
587,855.0,GSL_PLANT,3835,3891,3297983.013902302,3326794.172109761,587
588,850.0,GSL_PLANT,3891,3949,3326794.172109761,3356459.983356953,588
589,845.0,GSL_PLANT,3949,4008,3356459.983356953,3386458.9944930775,589
590,840.0,GSL_PLANT,4008,4068,3386458.9944930775,3416785.851660068,590
591,835.0,GSL_PLANT,4068,4129,3416785.851660068,3447435.2919488386,591
592,830.0,GSL_PLANT,4129,4191,3447435.2919488386,3478402.143494458,592
593,825.0,GSL_PLANT,4191,4255,3478402.143494458,3510176.320665777,593
594,820.0,GSL_PLANT,4255,4320,3510176.320665777,3542251.8975846213,594
595,815.0,GSL_PLANT,4320,4387,3542251.8975846213,3575113.0074405666,595
596,810.0,GSL_PLANT,4387,4455,3575113.0074405666,3608259.955525261,596
597,805.0,GSL_PLANT,4455,4524,3608259.955525261,3641688.135984927,597
598,800.0,GSL_PLANT,4524,4595,3641688.135984927,3675873.0397691536,598
599,795.0,GSL_PLANT,4595,4668,3675873.0397691536,3710801.316096372,599
600,790.0,GSL_PLANT,4668,4742,3710801.316096372,3745985.770369692,600
601,785.0,GSL_PLANT,4742,4818,3745985.770369692,3781893.292708767,601
602,780.0,GSL_PLANT,4818,4895,3781893.292708767,3818042.964557453,602
603,775.0,GSL_PLANT,4895,4975,3818042.964557453,3855360.953453666,603
604,770.0,GSL_PLANT,4975,5056,3855360.953453666,3892901.657394324,604
605,765.0,GSL_PLANT,5056,5139,3892901.657394324,3931120.570238491,605
606,760.0,GSL_PLANT,5139,5224,3931120.570238491,3970005.372581566,606
607,755.0,GSL_PLANT,5224,5311,3970005.372581566,4009543.9139204416,607
608,750.0,GSL_PLANT,5311,5400,4009543.9139204416,4049724.219911514,608
609,745.0,GSL_PLANT,5400,5491,4049724.219911514,4090534.498666699,609
610,740.0,GSL_PLANT,5491,5584,4090534.498666699,4131963.1461434215,610
611,735.0,GSL_PLANT,5584,5679,4131963.1461434215,4173998.750684331,611
612,730.0,GSL_PLANT,5679,5777,4173998.750684331,4217068.097188157,612
613,725.0,GSL_PLANT,5777,5877,4217068.097188157,4260716.204989478,613
614,720.0,GSL_PLANT,5877,5980,4260716.204989478,4305364.28602903,614
615,715.0,GSL_PLANT,5980,6085,4305364.28602903,4350563.812073057,615
616,710.0,GSL_PLANT,6085,6192,4350563.812073057,4396304.468886698,616
617,705.0,GSL_PLANT,6192,6303,4396304.468886698,4443422.172472483,617
618,700.0,GSL_PLANT,6303,6416,4443422.172472483,4491049.136487244,618
619,695.0,GSL_PLANT,6416,6532,4491049.136487244,4539592.80668671,619
620,690.0,GSL_PLANT,6532,6651,4539592.80668671,4589034.917730519,620
621,685.0,GSL_PLANT,6651,6773,4589034.917730519,4639357.491304564,621
622,680.0,GSL_PLANT,6773,6898,4639357.491304564,4690542.847602371,622
623,675.0,GSL_PLANT,6898,7027,4690542.847602371,4742978.605510736,623
624,670.0,GSL_PLANT,7027,7158,4742978.605510736,4795834.747314114,624
625,665.0,GSL_PLANT,7158,7294,4795834.747314114,4850300.531273718,625
626,660.0,GSL_PLANT,7294,7433,4850300.531273718,4905549.6224906035,626
627,655.0,GSL_PLANT,7433,7575,4905549.6224906035,4961566.034401942,627
628,650.0,GSL_PLANT,7575,7722,4961566.034401942,5019114.137579973,628
629,645.0,GSL_PLANT,7722,7872,5019114.137579973,5077386.743494484,629
630,640.0,GSL_PLANT,7872,8027,5077386.743494484,5137137.04061804,630
631,635.0,GSL_PLANT,8027,8186,5137137.04061804,5197951.676662277,631
632,630.0,GSL_PLANT,8186,8349,5197951.676662277,5259807.744129603,632
633,625.0,GSL_PLANT,8349,8517,5259807.744129603,5323057.799116859,633
634,620.0,GSL_PLANT,8517,8690,5323057.799116859,5387670.899303464,634
635,615.0,GSL_PLANT,8690,8868,5387670.899303464,5453616.616025493,635
636,610.0,GSL_PLANT,8868,9050,5453616.616025493,5520499.070010334,636
637,605.0,GSL_PLANT,9050,9239,5520499.070010334,5589386.913786003,637
638,600.0,GSL_PLANT,9239,9432,5589386.913786003,5659153.4322237475,638
639,595.0,GSL_PLANT,9432,9632,5659153.4322237475,5730850.482332996,639
640,590.0,GSL_PLANT,9632,9837,5730850.482332996,5803724.605023059,640
641,585.0,GSL_PLANT,9837,10049,5803724.605023059,5878450.983644448,641
642,580.0,GSL_PLANT,10049,10267,5878450.983644448,5954637.536086758,642
643,575.0,GSL_PLANT,10267,10491,5954637.536086758,6032249.911858383,643
644,570.0,GSL_PLANT,10491,10723,6032249.911858383,6111938.521457762,644
645,565.0,GSL_PLANT,10723,10962,6111938.521457762,6193313.614197564,645
646,560.0,GSL_PLANT,10962,11208,6193313.614197564,6276334.289742746,646
647,555.0,GSL_PLANT,11208,11462,6276334.289742746,6361293.53378084,647
648,550.0,GSL_PLANT,11462,11724,6361293.53378084,6448143.2846225295,648
649,545.0,GSL_PLANT,11724,11995,6448143.2846225295,6537163.465959952,649
650,540.0,GSL_PLANT,11995,12275,6537163.465959952,6628299.04522348,650
651,535.0,GSL_PLANT,12275,12563,6628299.04522348,6721175.09397098,651
652,530.0,GSL_PLANT,12563,12862,6721175.09397098,6816701.810871032,652
653,525.0,GSL_PLANT,12862,13170,6816701.810871032,6914179.63332536,653
654,520.0,GSL_PLANT,13170,13489,6914179.63332536,7014182.255429883,654
655,515.0,GSL_PLANT,13489,13819,7014182.255429883,7116642.725493696,655
656,510.0,GSL_PLANT,13819,14160,7116642.725493696,7221495.509738196,656
657,505.0,GSL_PLANT,14160,14513,7221495.509738196,7328979.563537314,657
658,500.0,GSL_PLANT,14513,14879,7328979.563537314,7439323.419838679,658
659,495.0,GSL_PLANT,14879,15257,7439323.419838679,7552151.286534288,659
660,490.0,GSL_PLANT,15257,15649,7552151.286534288,7667983.114576757,660
661,485.0,GSL_PLANT,15649,16056,7667983.114576757,7787025.721363035,661
662,480.0,GSL_PLANT,16056,16477,7787025.721363035,7908899.894179968,662
663,475.0,GSL_PLANT,16477,16914,7908899.894179968,8034095.4901827695,663
664,470.0,GSL_PLANT,16914,17368,8034095.4901827695,8162798.571360019,664
665,465.0,GSL_PLANT,17368,17838,8162798.571360019,8294627.538913125,665
666,460.0,GSL_PLANT,17838,18327,8294627.538913125,8430319.251801437,666
667,455.0,GSL_PLANT,18327,18835,8430319.251801437,8569758.19988017,667
668,450.0,GSL_PLANT,18835,19362,8569758.19988017,8712831.657216463,668
669,445.0,GSL_PLANT,19362,19911,8712831.657216463,8860230.84048103,669
670,440.0,GSL_PLANT,19911,20481,8860230.84048103,9011558.120943818,670
671,435.0,GSL_PLANT,20481,21075,9011558.120943818,9167475.194412371,671
672,430.0,GSL_PLANT,21075,21693,9167475.194412371,9327837.320326483,672
673,425.0,GSL_PLANT,21693,22336,9327837.320326483,9492758.537766643,673
674,420.0,GSL_PLANT,22336,23007,9492758.537766643,9662848.91304622,674
675,415.0,GSL_PLANT,23007,23706,9662848.91304622,9837939.819466075,675
676,410.0,GSL_PLANT,23706,24436,9837939.819466075,10018605.213132907,676
677,405.0,GSL_PLANT,24436,25197,10018605.213132907,10204658.959027335,677
678,400.0,GSL_PLANT,25197,25992,10204658.959027335,10396640.15392467,678
679,395.0,GSL_PLANT,25992,26822,10396640.15392467,10594583.506677205,679
680,390.0,GSL_PLANT,26822,27690,10594583.506677205,10798985.722304994,680
681,385.0,GSL_PLANT,27690,28598,10798985.722304994,11010082.94151178,681
682,380.0,GSL_PLANT,28598,29548,11010082.94151178,11228094.204539817,682
683,375.0,GSL_PLANT,29548,30542,11228094.204539817,11453221.957990265,683
684,370.0,GSL_PLANT,30542,31585,11453221.957990265,11686318.603114514,684
685,365.0,GSL_PLANT,31585,32677,11686318.603114514,11927090.110253174,685
686,360.0,GSL_PLANT,32677,33824,11927090.110253174,12176547.658382561,686
687,355.0,GSL_PLANT,33824,35027,12176547.658382561,12434575.36631432,687
688,350.0,GSL_PLANT,35027,36292,12434575.36631432,12702106.064841457,688
689,345.0,GSL_PLANT,36292,37621,12702106.064841457,12979184.162651261,689
690,340.0,GSL_PLANT,37621,39019,12979184.162651261,13266454.579157978,690
691,335.0,GSL_PLANT,39019,40492,13266454.579157978,13564716.778505346,691
692,330.0,GSL_PLANT,40492,42043,13564716.778505346,13874118.904694794,692
693,325.0,GSL_PLANT,42043,43679,13874118.904694794,14195569.022591455,693
694,320.0,GSL_PLANT,43679,45405,14195569.022591455,14529524.497717617,694
695,315.0,GSL_PLANT,45405,47228,14529524.497717617,14876779.507543446,695
696,310.0,GSL_PLANT,47228,49156,14876779.507543446,15238250.719145542,696
697,305.0,GSL_PLANT,49156,51195,15238250.719145542,15614415.146284802,697
698,300.0,GSL_PLANT,51195,53355,15614415.146284802,16006422.200713228,698
699,295.0,GSL_PLANT,53355,55644,16006422.200713228,16414973.981813064,699
700,290.0,GSL_PLANT,55644,58074,16414973.981813064,16841401.81373913,700
701,285.0,GSL_PLANT,58074,60655,16841401.81373913,17286583.080651682,701
702,280.0,GSL_PLANT,60655,63399,17286583.080651682,17751646.388073646,702
703,275.0,GSL_PLANT,63399,66320,17751646.388073646,18237945.09993758,703
704,270.0,GSL_PLANT,66320,69433,18237945.09993758,18746869.305468697,704
705,265.0,GSL_PLANT,69433,72755,18746869.305468697,19279994.272949263,705
706,260.0,GSL_PLANT,72755,76303,19279994.272949263,19838743.464471396,706
707,255.0,GSL_PLANT,76303,80099,19838743.464471396,20425159.189472873,707
708,250.0,GSL_PLANT,80099,84164,20425159.189472873,21040934.00243736,708
709,245.0,GSL_PLANT,84164,88524,21040934.00243736,21688314.947323278,709
710,240.0,GSL_PLANT,88524,93207,21688314.947323278,22369604.792860672,710
711,235.0,GSL_PLANT,93207,98244,22369604.792860672,23087282.410407513,711
712,230.0,GSL_PLANT,98244,103671,23087282.410407513,23844244.48378756,712
713,225.0,GSL_PLANT,103671,109526,23844244.48378756,24643337.776630327,713
714,220.0,GSL_PLANT,109526,115856,24643337.776630327,25488267.21833182,714
715,215.0,GSL_PLANT,115856,122710,25488267.21833182,26382574.135952163,715
716,210.0,GSL_PLANT,122710,130145,26382574.135952163,27330381.00919799,716
717,205.0,GSL_PLANT,130145,138226,27330381.00919799,28336293.217792537,717
718,200.0,GSL_PLANT,138226,147028,28336293.217792537,29405544.34438349,718
719,195.0,GSL_PLANT,147028,156635,29405544.34438349,30543758.72146378,719
720,190.0,GSL_PLANT,156635,167144,30543758.72146378,31757307.06377953,720
721,185.0,GSL_PLANT,167144,178667,31757307.06377953,33053374.2254052,721
722,180.0,GSL_PLANT,178667,191334,33053374.2254052,34440106.36565372,722
723,175.0,GSL_PLANT,191334,205295,34440106.36565372,35926608.12229769,723
724,170.0,GSL_PLANT,205295,220725,35926608.12229769,37523220.79287518,724
725,165.0,GSL_PLANT,220725,237829,37523220.79287518,39241724.044765055,725
726,160.0,GSL_PLANT,237829,256847,39241724.044765055,41095464.348757185,726
727,155.0,GSL_PLANT,256847,278064,41095464.348757185,43099879.212959506,727
728,150.0,GSL_PLANT,278064,301818,43099879.212959506,45272687.46008652,728
729,145.0,GSL_PLANT,301818,328514,45272687.46008652,47634490.338534325,729
730,140.0,GSL_PLANT,328514,358636,47634490.338534325,50208994.33820697,730
731,135.0,GSL_PLANT,358636,392771,50208994.33820697,53024043.39831699,731
732,130.0,GSL_PLANT,392771,431633,53024043.39831699,56112288.05161145,732
733,125.0,GSL_PLANT,431633,476100,56112288.05161145,59512487.38385463,733
734,120.0,GSL_PLANT,476100,527254,59512487.38385463,63270479.15618045,734
735,115.0,GSL_PLANT,527254,586447,63270479.15618045,67441381.02162905,735
736,110.0,GSL_PLANT,586447,655378,67441381.02162905,72091540.97199838,736
737,105.0,GSL_PLANT,655378,736207,72091540.97199838,77301720.3095194,737
738,100.0,GSL_PLANT,736207,831713,77301720.3095194,83171261.24612914,738
739,95.0,GSL_PLANT,831713,945506,83171261.24612914,89823043.64767139,739
740,47.5,GSL_PLANT,945506,50000,89823043.64767139,15394698.794987353,740
