lon,lat,LCOE,max_elc,demand,co2,region,up_id,down_id,right_id,left_id,right_distance,left_distance,up_distance,down_distance,site_id,co2_cost
-141,60,0.07918150833333333,6819029.74172,0.0,0.0,R0,R1,R-999,R4,R-999,167.3856623320569,,334.3117494138862,,R0,50
-141,63,0.11823217826086957,7641754.5077,0.0,0.0,R1,R2,R0,R5,R-999,152.00468545469397,,334.45461121896113,334.3117494138862,R1,50
-141,66,0.05350281875,14898246.36124,0.0,0.0,R2,R3,R1,R6,R-999,136.2012022570748,,334.5859304616568,334.45461121896113,R2,50
-141,69,0.07294039782608695,8792501.30638,0.0,0.0,R3,R-999,R2,R7,R-999,120.01874256123294,,,334.5859304616568,R3,50
-138,60,0.045526641935483864,24096446.15385,134.0313876,0.0,R4,R5,R-999,R8,R0,167.3856623320569,167.3856623320569,334.3117494138862,,R4,50
-138,63,0.08781860083333333,17609479.72437,0.0,0.0,R5,R6,R4,R9,R1,152.00468545469397,152.00468545469397,334.45461121896113,334.3117494138862,R5,50
-138,66,0.07860975871559633,18468320.5006,209.6364168,0.0,R6,R7,R5,R10,R2,136.2012022570748,136.2012022570748,334.5859304616568,334.45461121896113,R6,50
-138,69,0.04710520163934426,15572445.4891,3.020425636,0.0,R7,R-999,R6,R11,R3,120.01874256123294,120.01874256123294,,334.5859304616568,R7,50
-135,60,0.04993362285714286,26036462.5387,18.40571872,0.0,R8,R9,R-999,R15,R4,167.3856623320569,167.3856623320569,334.3117494138862,,R8,50
-135,63,0.08777883553719008,17495105.17295,270.1393178,0.0,R9,R10,R8,R16,R5,152.00468545469397,152.00468545469397,334.45461121896113,334.3117494138862,R9,50
-135,66,0.06423702222222222,21021441.1575,0.0,0.0,R10,R11,R9,R17,R6,136.2012022570748,136.2012022570748,334.5859304616568,334.45461121896113,R10,50
-135,69,0.044978373913043476,18353804.1563,556.985365,0.0,R11,R-999,R10,R18,R7,120.01874256123294,120.01874256123294,,334.5859304616568,R11,50
-132,51,0.02822927142857143,2884051.6204,0.0,0.0,R12,R13,R-999,R19,R-999,210.57850274610283,,333.8303058578461,,R12,50
-132,54,0.03266370727272727,19744872.119,520.0795392,0.0,R13,R14,R12,R20,R-999,196.71261177762548,,333.9978578481248,333.8303058578461,R13,50
-132,57,0.04993039746835443,19604090.9261,82.58976349,0.0,R14,R15,R13,R21,R-999,182.3019064120754,,334.15893324043475,333.9978578481248,R14,50
-132,60,0.05925685488721805,27545743.0213,3544.752649,0.0,R15,R16,R14,R22,R8,167.3856623320569,167.3856623320569,334.3117494138862,334.15893324043475,R15,50
-132,63,0.08357123025210084,18151000.69951,0.0,0.0,R16,R17,R15,R23,R9,152.00468545469397,152.00468545469397,334.45461121896113,334.3117494138862,R16,50
-132,66,0.07251835981308412,17985691.3651,0.0,0.0,R17,R18,R16,R24,R10,136.2012022570748,136.2012022570748,334.5859304616568,334.45461121896113,R17,50
-132,69,0.049635225974025976,19199473.6013,0.0,0.0,R18,R-999,R17,R25,R11,120.01874256123294,120.01874256123294,,334.5859304616568,R18,50
-129,51,0.03919374897959184,15760685.4148,0.0,0.0,R19,R20,R-999,R28,R12,210.57850274610283,210.57850274610283,333.8303058578461,,R19,50
-129,54,0.04668959194630872,38822069.0437,4804.742081,0.0,R20,R21,R19,R29,R13,196.71261177762548,196.71261177762548,333.9978578481248,333.8303058578461,R20,50
-129,57,0.05937545931034483,30498868.46694,175.0902986,0.0,R21,R22,R20,R30,R14,182.3019064120754,182.3019064120754,334.15893324043475,333.9978578481248,R21,50
-129,60,0.07410222500000001,23734618.70662,0.0,0.0,R22,R23,R21,R31,R15,167.3856623320569,167.3856623320569,334.3117494138862,334.15893324043475,R22,50
-129,63,0.06644068166666667,22569841.66526,0.0,0.0,R23,R24,R22,R32,R16,152.00468545469397,152.00468545469397,334.45461121896113,334.3117494138862,R23,50
-129,66,0.07603466788990826,17040269.1354,185.2842351,0.0,R24,R25,R23,R33,R17,136.2012022570748,136.2012022570748,334.5859304616568,334.45461121896113,R24,50
-129,69,0.048790685714285714,24039199.62,0.0,0.0,R25,R26,R24,R34,R18,120.01874256123294,120.01874256123294,334.70424431105016,334.5859304616568,R25,50
-129,72,0.029558666666666667,1175218.5767,0.0,0.0,R26,R-999,R25,R35,R-999,103.5020151220522,,,334.70424431105016,R26,50
-126,48,0.06423718064516129,6810796.8138500005,0.0,0.0,R27,R28,R-999,R37,R-999,223.86193577281125,,333.65812705441493,,R27,50
-126,51,0.058698413609467454,35950508.14911,14730.8046,0.0,R28,R29,R27,R38,R19,210.57850274610283,210.57850274610283,333.8303058578461,333.65812705441493,R28,50
-126,54,0.06813662592592593,29030032.0948,12719.76746,0.0,R29,R30,R28,R39,R20,196.71261177762548,196.71261177762548,333.9978578481248,333.8303058578461,R29,50
-126,57,0.06700936896551724,27439421.91668,0.0,0.0,R30,R31,R29,R40,R21,182.3019064120754,182.3019064120754,334.15893324043475,333.9978578481248,R30,50
-126,60,0.07100490895522388,24127665.98244,0.0,0.0,R31,R32,R30,R41,R22,167.3856623320569,167.3856623320569,334.3117494138862,334.15893324043475,R31,50
-126,63,0.07279745762711864,20896115.64664,26.80627752,0.0,R32,R33,R31,R42,R23,152.00468545469397,152.00468545469397,334.45461121896113,334.3117494138862,R32,50
-126,66,0.05995229345794392,21202791.951,0.0,0.0,R33,R34,R32,R43,R24,136.2012022570748,136.2012022570748,334.5859304616568,334.45461121896113,R33,50
-126,69,0.04191492470588235,24099133.0605,32.94151709,0.0,R34,R35,R33,R44,R25,120.01874256123294,120.01874256123294,334.70424431105016,334.5859304616568,R34,50
-126,72,0.029788972222222224,7042765.747,0.0,0.0,R35,R36,R34,R45,R26,103.5020151220522,103.5020151220522,334.80823238428104,334.70424431105016,R35,50
-126,75,0.029888949999999997,775650.6589,0.0,0.0,R36,R-999,R35,R46,R-999,86.69677647368049,,,334.80823238428104,R36,50
-123,48,0.06686792380952382,10294918.08089,237219.1325,1592930.0,R37,R38,R-999,R48,R27,223.86193577281125,223.86193577281125,333.65812705441493,,R37,50
-123,51,0.07845124350282486,28652368.69135,10278.22527,112950.0,R38,R39,R37,R49,R28,210.57850274610283,210.57850274610283,333.8303058578461,333.65812705441493,R38,50
-123,54,0.06355984465408805,29166132.72143,0.0,566310.0,R39,R40,R38,R50,R29,196.71261177762548,196.71261177762548,333.9978578481248,333.8303058578461,R39,50
-123,57,0.06703110275862069,27946248.62723,0.0,0.0,R40,R41,R39,R51,R30,182.3019064120754,182.3019064120754,334.15893324043475,333.9978578481248,R40,50
-123,60,0.08466915496183205,18540503.49012,799.7520755,0.0,R41,R42,R40,R52,R31,167.3856623320569,167.3856623320569,334.3117494138862,334.15893324043475,R41,50
-123,63,0.07327778655462185,19823548.51488,0.0,0.0,R42,R43,R41,R53,R32,152.00468545469397,152.00468545469397,334.45461121896113,334.3117494138862,R42,50
-123,66,0.05291068981481481,24520729.8763,63.05138515,0.0,R43,R44,R42,R54,R33,136.2012022570748,136.2012022570748,334.5859304616568,334.45461121896113,R43,50
-123,69,0.036401767567567564,24098934.935,0.0,0.0,R44,R45,R43,R55,R34,120.01874256123294,120.01874256123294,334.70424431105016,334.5859304616568,R44,50
-123,72,0.02987941587301587,24022875.9149,12.17609085,0.0,R45,R46,R44,R56,R35,103.5020151220522,103.5020151220522,334.80823238428104,334.70424431105016,R45,50
-123,75,0.029610582051282048,15331330.217799999,0.0,0.0,R46,R47,R45,R57,R36,86.69677647368049,86.69677647368049,334.8967322749505,334.80823238428104,R46,50
-123,78,0.0282499,409470.3709,0.0,0.0,R47,R-999,R46,R58,R-999,69.64969359892991,,,334.8967322749505,R47,50
-120,48,0.0889143,5715264.46074,0.0,0.0,R48,R49,R-999,R59,R37,223.86193577281125,223.86193577281125,333.65812705441493,,R48,50
-120,51,0.08165380457142857,27618809.85959,179815.2826,99460.0,R49,R50,R48,R60,R38,210.57850274610283,210.57850274610283,333.8303058578461,333.65812705441493,R49,50
-120,54,0.05467616012658228,35419297.3648,0.0,160230.0,R50,R51,R49,R61,R39,196.71261177762548,196.71261177762548,333.9978578481248,333.8303058578461,R50,50
-120,57,0.059427186577181206,30296303.9752,21861.55759,0.0,R51,R52,R50,R62,R40,182.3019064120754,182.3019064120754,334.15893324043475,333.9978578481248,R51,50
-120,60,0.07321082330827068,21565082.4436,0.0,0.0,R52,R53,R51,R63,R41,167.3856623320569,167.3856623320569,334.3117494138862,334.15893324043475,R52,50
-120,63,0.060081442975206616,23685186.2304,271.8383073,0.0,R53,R54,R52,R64,R42,152.00468545469397,152.00468545469397,334.45461121896113,334.3117494138862,R53,50
-120,66,0.04974486607142857,28116072.9253,0.0,0.0,R54,R55,R53,R65,R43,136.2012022570748,136.2012022570748,334.5859304616568,334.45461121896113,R54,50
-120,69,0.03632751285714286,22075760.1485,0.471941506,0.0,R55,R56,R54,R66,R44,120.01874256123294,120.01874256123294,334.70424431105016,334.5859304616568,R55,50
-120,72,0.03463004464285714,19136717.1084,0.0,0.0,R56,R57,R55,R67,R45,103.5020151220522,103.5020151220522,334.80823238428104,334.70424431105016,R56,50
-120,75,0.032744190476190475,15131688.7754,0.0,0.0,R57,R58,R56,R68,R46,86.69677647368049,86.69677647368049,334.8967322749505,334.80823238428104,R57,50
-120,78,0.027626573333333335,6301434.1544,0.0,0.0,R58,R-999,R57,R69,R47,69.64969359892991,69.64969359892991,,334.8967322749505,R58,50
-117,48,0.09851072631578947,4800130.37222,0.0,116130.0,R59,R60,R-999,R70,R48,223.86193577281125,223.86193577281125,333.65812705441493,,R59,50
-117,51,0.07422351028571429,30656992.43845,199100.2283,64600.0,R60,R61,R59,R71,R49,210.57850274610283,210.57850274610283,333.8303058578461,333.65812705441493,R60,50
-117,54,0.05977521790123457,32410738.4032,10303.8045,228970.0,R61,R62,R60,R72,R50,196.71261177762548,196.71261177762548,333.9978578481248,333.8303058578461,R61,50
-117,57,0.05661998965517241,30413260.8333,0.0,202680.0,R62,R63,R61,R73,R51,182.3019064120754,182.3019064120754,334.15893324043475,333.9978578481248,R62,50
-117,60,0.06504434962406015,24393728.0161,591.8146481,0.0,R63,R64,R62,R74,R52,167.3856623320569,167.3856623320569,334.3117494138862,334.15893324043475,R63,50
-117,63,0.05608673949579832,25323966.2528,0.0,0.0,R64,R65,R63,R75,R53,152.00468545469397,152.00468545469397,334.45461121896113,334.3117494138862,R64,50
-117,66,0.04580380188679246,27283667.7724,0.0,0.0,R65,R66,R64,R76,R54,136.2012022570748,136.2012022570748,334.5859304616568,334.45461121896113,R65,50
-117,69,0.03711674533333333,24015445.4576,0.0,0.0,R66,R67,R65,R77,R55,120.01874256123294,120.01874256123294,334.70424431105016,334.5859304616568,R66,50
-117,72,0.036986713253012046,25775215.2412,40.11502798,0.0,R67,R68,R66,R78,R56,103.5020151220522,103.5020151220522,334.80823238428104,334.70424431105016,R67,50
-117,75,0.036779106,16189454.0277,0.0,0.0,R68,R69,R67,R79,R57,86.69677647368049,86.69677647368049,334.8967322749505,334.80823238428104,R68,50
-117,78,0.026199907692307692,10672452.2314,1.132659614,0.0,R69,R-999,R68,R80,R58,69.64969359892991,69.64969359892991,,334.8967322749505,R69,50
-114,48,0.045918978947368426,10641614.67047,2497.514448,0.0,R70,R71,R-999,R81,R59,223.86193577281125,223.86193577281125,333.65812705441493,,R70,50
-114,51,0.04437814535519126,45210832.5364,0.0,5490180.0,R71,R72,R70,R82,R60,210.57850274610283,210.57850274610283,333.8303058578461,333.65812705441493,R71,50
-114,54,0.04401491117647059,39636535.4992,166814.5211,4526860.0,R72,R73,R71,R83,R61,196.71261177762548,196.71261177762548,333.9978578481248,333.8303058578461,R72,50
-114,57,0.06300855517241379,26966663.1668,11245.23342,0.0,R73,R74,R72,R84,R62,182.3019064120754,182.3019064120754,334.15893324043475,333.9978578481248,R73,50
-114,60,0.05769016865671642,28489101.1271,0.0,0.0,R74,R75,R73,R85,R63,167.3856623320569,167.3856623320569,334.3117494138862,334.15893324043475,R74,50
-114,63,0.04474960082644628,32237548.5914,0.0,0.0,R75,R76,R74,R86,R64,152.00468545469397,152.00468545469397,334.45461121896113,334.3117494138862,R75,50
-114,66,0.03943652110091743,31767387.648000002,20.76542625,0.0,R76,R77,R75,R87,R65,136.2012022570748,136.2012022570748,334.5859304616568,334.45461121896113,R76,50
-114,69,0.035067405494505495,29635161.2778,171.8810964,0.0,R77,R78,R76,R88,R66,120.01874256123294,120.01874256123294,334.70424431105016,334.5859304616568,R77,50
-114,72,0.03639201772151899,25491899.3697,0.0,0.0,R78,R79,R77,R89,R67,103.5020151220522,103.5020151220522,334.80823238428104,334.70424431105016,R78,50
-114,75,0.035005473333333335,15560346.7262,0.0,0.0,R79,R80,R78,R90,R68,86.69677647368049,86.69677647368049,334.8967322749505,334.80823238428104,R79,50
-114,78,0.027350072413793104,12295096.4562,0.0,0.0,R80,R-999,R79,R91,R69,69.64969359892991,69.64969359892991,,334.8967322749505,R80,50
-111,48,0.03230797027027027,13309237.4498,0.0,0.0,R81,R82,R-999,R92,R70,223.86193577281125,223.86193577281125,333.65812705441493,,R81,50
-111,51,0.033507873184357544,58811023.7689,46307.84442,2195530.0,R82,R83,R81,R93,R71,210.57850274610283,210.57850274610283,333.8303058578461,333.65812705441493,R82,50
-111,54,0.04417108385093168,43841175.162,0.0,31780.0,R83,R84,R82,R94,R72,196.71261177762548,196.71261177762548,333.9978578481248,333.8303058578461,R83,50
-111,57,0.05961863972602739,29269020.9049,0.0,0.0,R84,R85,R83,R95,R73,182.3019064120754,182.3019064120754,334.15893324043475,333.9978578481248,R84,50
-111,60,0.05333811384615385,28800484.0559,0.0,0.0,R85,R86,R84,R96,R74,167.3856623320569,167.3856623320569,334.3117494138862,334.15893324043475,R85,50
-111,63,0.043217742148760334,32551479.6166,2243.609918,0.0,R86,R87,R85,R97,R75,152.00468545469397,152.00468545469397,334.45461121896113,334.3117494138862,R86,50
-111,66,0.03479937830188679,35585005.5993,0.0,0.0,R87,R88,R86,R98,R76,136.2012022570748,136.2012022570748,334.5859304616568,334.45461121896113,R87,50
-111,69,0.032712650537634405,33071478.4403,0.0,0.0,R88,R89,R87,R99,R77,120.01874256123294,120.01874256123294,334.70424431105016,334.5859304616568,R88,50
-111,72,0.03487005,23565878.297,0.0,0.0,R89,R90,R88,R100,R78,103.5020151220522,103.5020151220522,334.80823238428104,334.70424431105016,R89,50
-111,75,0.029907951282051284,15376920.2347,0.0,0.0,R90,R91,R89,R101,R79,86.69677647368049,86.69677647368049,334.8967322749505,334.80823238428104,R90,50
-111,78,0.02717894516129032,13268837.3675,0.0,0.0,R91,R-999,R90,R102,R80,69.64969359892991,69.64969359892991,,334.8967322749505,R91,50
-108,48,0.0336465947368421,13165737.4374,0.0,0.0,R92,R93,R-999,R103,R81,223.86193577281125,223.86193577281125,333.65812705441493,,R92,50
-108,51,0.03325072873563219,60210950.5835,0.0,24520.0,R93,R94,R92,R104,R82,210.57850274610283,210.57850274610283,333.8303058578461,333.65812705441493,R93,50
-108,54,0.046277747798742136,41351345.2977,0.0,0.0,R94,R95,R93,R105,R83,196.71261177762548,196.71261177762548,333.9978578481248,333.8303058578461,R94,50
-108,57,0.05234525068493151,32487330.4907,3988.755217,0.0,R95,R96,R94,R106,R84,182.3019064120754,182.3019064120754,334.15893324043475,333.9978578481248,R95,50
-108,60,0.04982032537313433,31213776.797,310.631899,0.0,R96,R97,R95,R107,R85,167.3856623320569,167.3856623320569,334.3117494138862,334.15893324043475,R96,50
-108,63,0.038668495798319324,36489273.4601,0.0,0.0,R97,R98,R96,R108,R86,152.00468545469397,152.00468545469397,334.45461121896113,334.3117494138862,R97,50
-108,66,0.033441765420560744,37264454.0905,0.0,0.0,R98,R99,R97,R109,R87,136.2012022570748,136.2012022570748,334.5859304616568,334.45461121896113,R98,50
-108,69,0.03135129347826087,33396003.156,200.5751399,0.0,R99,R100,R98,R110,R88,120.01874256123294,120.01874256123294,334.70424431105016,334.5859304616568,R99,50
-108,72,0.03159773375,29745159.4059,0.0,0.0,R100,R101,R99,R111,R89,103.5020151220522,103.5020151220522,334.80823238428104,334.70424431105016,R100,50
-108,75,0.026453784615384616,17259233.1669,0.0,0.0,R101,R102,R100,R112,R90,86.69677647368049,86.69677647368049,334.8967322749505,334.80823238428104,R101,50
-108,78,0.02520019,4593804.1342,0.0,0.0,R102,R-999,R101,R113,R91,69.64969359892991,69.64969359892991,,334.8967322749505,R102,50
-105,48,0.031045144444444443,13461183.7123,0.0,0.0,R103,R104,R-999,R114,R92,223.86193577281125,223.86193577281125,333.65812705441493,,R103,50
-105,51,0.03141972471910113,61337848.4022,98155.90456,847130.0,R104,R105,R103,R115,R93,210.57850274610283,210.57850274610283,333.8303058578461,333.65812705441493,R104,50
-105,54,0.04691162298136646,41817299.7531,0.0,0.0,R105,R106,R104,R116,R94,196.71261177762548,196.71261177762548,333.9978578481248,333.8303058578461,R105,50
-105,57,0.04854999310344827,35089274.5918,0.0,0.0,R106,R107,R105,R117,R95,182.3019064120754,182.3019064120754,334.15893324043475,333.9978578481248,R106,50
-105,60,0.044216535606060606,35252244.5375,0.0,0.0,R107,R108,R106,R118,R96,167.3856623320569,167.3856623320569,334.3117494138862,334.15893324043475,R107,50
-105,63,0.030890518333333335,44429120.9408,0.566329807,0.0,R108,R109,R107,R119,R97,152.00468545469397,152.00468545469397,334.45461121896113,334.3117494138862,R108,50
-105,66,0.02889444770642202,43025868.9022,3.209202238,0.0,R109,R110,R108,R120,R98,136.2012022570748,136.2012022570748,334.5859304616568,334.45461121896113,R109,50
-105,69,0.02899055777777778,36126773.5965,0.0,0.0,R110,R111,R109,R121,R99,120.01874256123294,120.01874256123294,334.70424431105016,334.5859304616568,R110,50
-105,72,0.02613288870967742,27556895.5599,0.0,0.0,R111,R112,R110,R122,R100,103.5020151220522,103.5020151220522,334.80823238428104,334.70424431105016,R111,50
-105,75,0.02751684411764706,14421310.3133,0.0,0.0,R112,R113,R111,R123,R101,86.69677647368049,86.69677647368049,334.8967322749505,334.80823238428104,R112,50
-105,78,0.02811801666666667,12356954.6319,0.0,0.0,R113,R-999,R112,R124,R102,69.64969359892991,69.64969359892991,,334.8967322749505,R113,50
-102,48,0.03289763243243243,13013990.6987,0.0,0.0,R114,R115,R-999,R125,R103,223.86193577281125,223.86193577281125,333.65812705441493,,R114,50
-102,51,0.036284644827586206,56718914.3403,0.0,0.0,R115,R116,R114,R126,R104,210.57850274610283,210.57850274610283,333.8303058578461,333.65812705441493,R115,50
-102,54,0.04762908113207547,39209808.0804,6465.787404,0.0,R116,R117,R115,R127,R105,196.71261177762548,196.71261177762548,333.9978578481248,333.8303058578461,R116,50
-102,57,0.04487466164383562,37741375.6316,2451.169792,0.0,R117,R118,R116,R128,R106,182.3019064120754,182.3019064120754,334.15893324043475,333.9978578481248,R117,50
-102,60,0.0366213276119403,42496309.2688,316.1064205,0.0,R118,R119,R117,R129,R107,167.3856623320569,167.3856623320569,334.3117494138862,334.15893324043475,R118,50
-102,63,0.030250929166666666,46080838.0219,0.0,0.0,R119,R120,R118,R130,R108,152.00468545469397,152.00468545469397,334.45461121896113,334.3117494138862,R119,50
-102,66,0.027230242056074768,45637124.4409,0.0,0.0,R120,R121,R119,R131,R109,136.2012022570748,136.2012022570748,334.5859304616568,334.45461121896113,R120,50
-102,69,0.027424838461538464,33017785.2934,0.0,0.0,R121,R122,R120,R132,R110,120.01874256123294,120.01874256123294,334.70424431105016,334.5859304616568,R121,50
-102,72,0.030955796875,12031707.3132,0.0,0.0,R122,R123,R121,R133,R111,103.5020151220522,103.5020151220522,334.80823238428104,334.70424431105016,R122,50
-102,75,0.03100479642857143,10507242.9877,0.0,0.0,R123,R124,R122,R134,R112,86.69677647368049,86.69677647368049,334.8967322749505,334.80823238428104,R123,50
-102,78,0.028575005555555557,14682117.7025,0.0,0.0,R124,R-999,R123,R135,R113,69.64969359892991,69.64969359892991,,334.8967322749505,R124,50
-99,48,0.031095350000000004,13411288.423799999,0.0,0.0,R125,R126,R-999,R137,R114,223.86193577281125,223.86193577281125,333.65812705441493,,R125,50
-99,51,0.0371284790960452,54248140.3699,35006.82751,900760.0,R126,R127,R125,R138,R115,210.57850274610283,210.57850274610283,333.8303058578461,333.65812705441493,R126,50
-99,54,0.04226350569620253,45980407.9577,0.0,0.0,R127,R128,R126,R139,R116,196.71261177762548,196.71261177762548,333.9978578481248,333.8303058578461,R127,50
-99,57,0.04370088541666667,38652751.913499996,0.0,0.0,R128,R129,R127,R140,R117,182.3019064120754,182.3019064120754,334.15893324043475,333.9978578481248,R128,50
-99,60,0.03115201654135338,50225053.8228,0.0,0.0,R129,R130,R128,R141,R118,167.3856623320569,167.3856623320569,334.3117494138862,334.15893324043475,R129,50
-99,63,0.028647975833333332,48542822.8907,0.0,0.0,R130,R131,R129,R142,R119,152.00468545469397,152.00468545469397,334.45461121896113,334.3117494138862,R130,50
-99,66,0.02714886635514019,45764907.543,0.0,0.0,R131,R132,R130,R143,R120,136.2012022570748,136.2012022570748,334.5859304616568,334.45461121896113,R131,50
-99,69,0.028566563076923075,25635803.594,151.7763882,0.0,R132,R133,R131,R144,R121,120.01874256123294,120.01874256123294,334.70424431105016,334.5859304616568,R132,50
-99,72,0.028659200000000003,23962614.082200002,0.094388301,0.0,R133,R134,R132,R145,R122,103.5020151220522,103.5020151220522,334.80823238428104,334.70424431105016,R133,50
-99,75,0.03046449016393443,22695277.3799,32.28079899,0.0,R134,R135,R133,R146,R123,86.69677647368049,86.69677647368049,334.8967322749505,334.80823238428104,R134,50
-99,78,0.028651984615384613,9761040.8129,1.038271312,0.0,R135,R136,R134,R147,R124,69.64969359892991,69.64969359892991,334.96875330760315,334.8967322749505,R135,50
-99,81,0.025884733333333333,4031340.2998,0.0,0.0,R136,R-999,R135,R148,R-999,52.40820108893749,,,334.96875330760315,R136,50
-96,48,0.03716963684210526,12140617.7315,0.0,0.0,R137,R138,R-999,R149,R125,223.86193577281125,223.86193577281125,333.65812705441493,,R137,50
-96,51,0.04075768103448276,49948398.5524,100133.6226,48050.0,R138,R139,R137,R150,R126,210.57850274610283,210.57850274610283,333.8303058578461,333.65812705441493,R138,50
-96,54,0.044666649375,41470790.6837,2997.111726,0.0,R139,R140,R138,R151,R127,196.71261177762548,196.71261177762548,333.9978578481248,333.8303058578461,R139,50
-96,57,0.040455091390728476,43141057.3584,2009.432543,0.0,R140,R141,R139,R152,R128,182.3019064120754,182.3019064120754,334.15893324043475,333.9978578481248,R140,50
-96,60,0.028793113076923078,52051832.2058,401.3390564,0.0,R141,R142,R140,R153,R129,167.3856623320569,167.3856623320569,334.3117494138862,334.15893324043475,R141,50
-96,63,0.027406579831932773,49493285.1714,212.0905126,0.0,R142,R143,R141,R154,R130,152.00468545469397,152.00468545469397,334.45461121896113,334.3117494138862,R142,50
-96,66,0.028057434862385322,44461712.1542,0.188776602,0.0,R143,R144,R142,R155,R131,136.2012022570748,136.2012022570748,334.5859304616568,334.45461121896113,R143,50
-96,69,0.030965163953488375,32293536.7937,0.0,0.0,R144,R145,R143,R156,R132,120.01874256123294,120.01874256123294,334.70424431105016,334.5859304616568,R144,50
-96,72,0.03411448181818182,22734160.8397,0.0,0.0,R145,R146,R144,R157,R133,103.5020151220522,103.5020151220522,334.80823238428104,334.70424431105016,R145,50
-96,75,0.03354609074074074,18885421.5063,0.0,0.0,R146,R147,R145,R158,R134,86.69677647368049,86.69677647368049,334.8967322749505,334.80823238428104,R146,50
-96,78,0.037506739534883725,13700473.064,0.0,0.0,R147,R148,R146,R159,R135,69.64969359892991,69.64969359892991,334.96875330760315,334.8967322749505,R147,50
-96,81,0.03022051304347826,5360094.4328000005,0.0,0.0,R148,R-999,R147,R160,R136,52.40820108893749,52.40820108893749,,334.96875330760315,R148,50
-93,48,0.03803434857142857,20307568.631,55.40593276,0.0,R149,R150,R-999,R161,R137,223.86193577281125,223.86193577281125,333.65812705441493,,R149,50
-93,51,0.043273635519125685,48930292.3922,0.0,103410.0,R150,R151,R149,R162,R138,210.57850274610283,210.57850274610283,333.8303058578461,333.65812705441493,R150,50
-93,54,0.045211935625,41460864.0644,0.0,0.0,R151,R152,R150,R163,R139,196.71261177762548,196.71261177762548,333.9978578481248,333.8303058578461,R151,50
-93,57,0.037966033333333336,40114511.2827,0.0,0.0,R152,R153,R151,R164,R140,182.3019064120754,182.3019064120754,334.15893324043475,333.9978578481248,R152,50
-93,60,0.02743935238095238,8993060.7444,0.0,0.0,R153,R154,R152,R203,R141,668.6815158252787,167.3856623320569,334.3117494138862,334.15893324043475,R153,50
-93,63,0.026569778640776698,44911455.8325,0.0,0.0,R154,R155,R153,R165,R142,152.00468545469397,152.00468545469397,334.45461121896113,334.3117494138862,R154,50
-93,66,0.027837848484848483,41307854.0433,0.0,0.0,R155,R156,R154,R166,R143,136.2012022570748,136.2012022570748,334.5859304616568,334.45461121896113,R155,50
-93,69,0.031893483516483516,33347620.3833,0.0,0.0,R156,R157,R155,R167,R144,120.01874256123294,120.01874256123294,334.70424431105016,334.5859304616568,R156,50
-93,72,0.030008998245614035,22299292.1785,0.0,0.0,R157,R158,R156,R168,R145,103.5020151220522,103.5020151220522,334.80823238428104,334.70424431105016,R157,50
-93,75,0.033241876000000004,17727007.7281,0.0,0.0,R158,R159,R157,R169,R146,86.69677647368049,86.69677647368049,334.8967322749505,334.80823238428104,R158,50
-93,78,0.070927565,9065281.72531,0.0,0.0,R159,R160,R158,R170,R147,69.64969359892991,69.64969359892991,334.96875330760315,334.8967322749505,R159,50
-93,81,0.04102552162162162,3183885.55835,0.0,0.0,R160,R-999,R159,R171,R148,52.40820108893749,52.40820108893749,,334.96875330760315,R160,50
-90,48,0.04205061648351648,24416781.7549,11993.82704,211880.0,R161,R162,R-999,R172,R149,223.86193577281125,223.86193577281125,333.65812705441493,,R161,50
-90,51,0.04268018228571428,47588854.2006,2805.125921,0.0,R162,R163,R161,R173,R150,210.57850274610283,210.57850274610283,333.8303058578461,333.65812705441493,R162,50
-90,54,0.04113884238410596,42252514.8718,248.1468437,0.0,R163,R164,R162,R174,R151,196.71261177762548,196.71261177762548,333.9978578481248,333.8303058578461,R163,50
-90,57,0.03544167710843374,26861827.1824,142.8094996,0.0,R164,R165,R163,R175,R152,182.3019064120754,182.3019064120754,668.4706826543209,333.9978578481248,R164,50
-90,63,0.026676564,20867781.326700002,346.5938417,0.0,R165,R166,R164,R176,R154,152.00468545469397,152.00468545469397,334.45461121896113,668.4706826543209,R165,50
-90,66,0.028374021238938053,45707490.2205,107.1307218,0.0,R166,R167,R165,R177,R155,136.2012022570748,136.2012022570748,334.5859304616568,334.45461121896113,R166,50
-90,69,0.02928542933333333,29114653.182099998,200.0088101,0.0,R167,R168,R166,R178,R156,120.01874256123294,120.01874256123294,334.70424431105016,334.5859304616568,R167,50
-90,72,0.03230999318181818,15984514.8458,0.0,0.0,R168,R169,R167,R179,R157,103.5020151220522,103.5020151220522,334.80823238428104,334.70424431105016,R168,50
-90,75,0.03379582692307692,18296125.721499998,0.0,0.0,R169,R170,R168,R180,R158,86.69677647368049,86.69677647368049,334.8967322749505,334.80823238428104,R169,50
-90,78,0.0630312306122449,10681857.57059,0.0,0.0,R170,R171,R169,R181,R159,69.64969359892991,69.64969359892991,334.96875330760315,334.8967322749505,R170,50
-90,81,0.03394305,3099677.67928,0.0,0.0,R171,R-999,R170,R182,R160,52.40820108893749,52.40820108893749,,334.96875330760315,R171,50
-87,48,0.04223578378378379,19954095.406,0.283164903,167470.0,R172,R173,R-999,R185,R161,223.86193577281125,223.86193577281125,333.65812705441493,,R172,50
-87,51,0.041872687719298245,47914422.6066,0.0,0.0,R173,R174,R172,R186,R162,210.57850274610283,210.57850274610283,333.8303058578461,333.65812705441493,R173,50
-87,54,0.035171648124999996,52948073.5642,0.0,0.0,R174,R175,R173,R187,R163,196.71261177762548,196.71261177762548,333.9978578481248,333.8303058578461,R174,50
-87,57,0.03357746428571429,9918194.6312,0.0,0.0,R175,R176,R174,R188,R164,182.3019064120754,182.3019064120754,668.4706826543209,333.9978578481248,R175,50
-87,63,0.029707307692307693,10141525.4058,0.0,0.0,R176,R177,R175,R189,R165,152.00468545469397,152.00468545469397,334.45461121896113,668.4706826543209,R176,50
-87,66,0.029030093069306928,40577328.4308,0.0,0.0,R177,R178,R176,R190,R166,136.2012022570748,136.2012022570748,334.5859304616568,334.45461121896113,R177,50
-87,69,0.033426375862068966,20642382.7199,0.0,0.0,R178,R179,R177,R191,R167,120.01874256123294,120.01874256123294,334.70424431105016,334.5859304616568,R178,50
-87,72,0.03393725411764706,29453332.3087,93.82197132,0.0,R179,R180,R178,R192,R168,103.5020151220522,103.5020151220522,334.80823238428104,334.70424431105016,R179,50
-87,75,0.03935138076923077,15704705.1966,15.85723459,0.0,R180,R181,R179,R193,R169,86.69677647368049,86.69677647368049,334.8967322749505,334.80823238428104,R180,50
-87,78,0.046783255172413794,14933845.0738,2.54848413,0.0,R181,R182,R180,R194,R170,69.64969359892991,69.64969359892991,334.96875330760315,334.8967322749505,R181,50
-87,81,0.021008795744680852,4337755.3873,0.0,0.0,R182,R-999,R181,R195,R171,52.40820108893749,52.40820108893749,,334.96875330760315,R182,50
-84,42,0.029744688888888888,6374619.9025,0.0,24990.0,R183,R184,R-999,R197,R-999,248.5395706776251,,333.3074984067366,,R183,50
-84,45,0.03406343125,9982203.0189,0.0,147170.0,R184,R185,R183,R198,R-999,236.52699346294787,,333.48321751194806,333.3074984067366,R184,50
-84,48,0.04371369152542373,46037614.8186,8879.296264,4017230.0,R185,R186,R184,R199,R172,223.86193577281125,223.86193577281125,333.65812705441493,333.48321751194806,R185,50
-84,51,0.04118691404494382,50279566.7842,2561.509716,0.0,R186,R187,R185,R200,R173,210.57850274610283,210.57850274610283,333.8303058578461,333.65812705441493,R186,50
-84,54,0.03444034038461539,51896832.0317,73.52848657999999,0.0,R187,R188,R186,R201,R174,196.71261177762548,196.71261177762548,333.9978578481248,333.8303058578461,R187,50
-84,57,0.0242191,477620.3498,0.0,0.0,R188,R189,R187,R202,R175,182.3019064120754,182.3019064120754,668.4706826543209,333.9978578481248,R188,50
-84,63,0.0285157390625,24478077.0501,94.765854331,0.0,R189,R190,R188,R204,R176,152.00468545469397,152.00468545469397,334.45461121896113,668.4706826543209,R189,50
-84,66,0.02967825052631579,37518292.578,0.0,0.0,R190,R191,R189,R205,R177,136.2012022570748,136.2012022570748,334.5859304616568,334.45461121896113,R190,50
-84,69,0.030874080412371132,37413770.2592,0.0,0.0,R191,R192,R190,R206,R178,120.01874256123294,120.01874256123294,334.70424431105016,334.5859304616568,R191,50
-84,72,0.045694841975308646,21321321.2538,0.0,0.0,R192,R193,R191,R207,R179,103.5020151220522,103.5020151220522,334.80823238428104,334.70424431105016,R192,50
-84,75,0.05504554166666667,11508801.7703,0.0,0.0,R193,R194,R192,R208,R180,86.69677647368049,86.69677647368049,334.8967322749505,334.80823238428104,R193,50
-84,78,0.052898203389830506,13936914.40527,0.0,0.0,R194,R195,R193,R209,R181,69.64969359892991,69.64969359892991,334.96875330760315,334.8967322749505,R194,50
-84,81,0.01988228695652174,3758935.5334,0.094388301,0.0,R195,R196,R194,R210,R182,52.40820108893749,52.40820108893749,335.02348832208327,334.96875330760315,R195,50
-84,84,0.0,0.0,0.0,0.0,R196,R-999,R195,R211,R-999,35.02035355435418,,,335.02348832208327,R196,50
-81,42,0.023073009,26965595.3787,332093.0614,13468020.0,R197,R198,R-999,R212,R183,248.5395706776251,248.5395706776251,333.3074984067366,,R197,50
-81,45,0.035015093125,51971392.0705,0.0,132460.0,R198,R199,R197,R213,R184,236.52699346294787,236.52699346294787,333.48321751194806,333.3074984067366,R198,50
-81,48,0.04372614631578947,50189609.2892,44646.98787,0.0,R199,R200,R198,R214,R185,223.86193577281125,223.86193577281125,333.65812705441493,333.48321751194806,R199,50
-81,51,0.039565921710526315,45094507.3537,15300.72117,0.0,R200,R201,R199,R215,R186,210.57850274610283,210.57850274610283,333.8303058578461,333.65812705441493,R200,50
-81,54,0.028000714705882356,29564608.7163,0.0,0.0,R201,R202,R200,R216,R187,196.71261177762548,196.71261177762548,333.9978578481248,333.8303058578461,R201,50
-81,57,0.02391541428571428,10167812.201,0.0,0.0,R202,R203,R201,R217,R188,182.3019064120754,182.3019064120754,334.15893324043475,333.9978578481248,R202,50
-81,60,0.02581272142857143,6279335.6602,0.0,0.0,R203,R204,R202,R218,R153,167.3856623320569,668.6815158252787,334.3117494138862,334.15893324043475,R203,50
-81,63,0.028463877083333335,19605126.3768,0.0,0.0,R204,R205,R203,R219,R189,152.00468545469397,152.00468545469397,334.45461121896113,334.3117494138862,R204,50
-81,66,0.02592351875,7171829.4244,0.0,0.0,R205,R206,R204,R220,R190,136.2012022570748,136.2012022570748,334.5859304616568,334.45461121896113,R205,50
-81,69,0.032953203333333334,20667566.2637,230.0242899,0.0,R206,R207,R205,R221,R191,120.01874256123294,120.01874256123294,334.70424431105016,334.5859304616568,R206,50
-81,72,0.051045883529411765,21195756.32477,0.0,0.0,R207,R208,R206,R222,R192,103.5020151220522,103.5020151220522,334.80823238428104,334.70424431105016,R207,50
-81,75,0.05052592745098039,13573832.15896,0.0,0.0,R208,R209,R207,R223,R193,86.69677647368049,86.69677647368049,334.8967322749505,334.80823238428104,R208,50
-81,78,0.05092737586206897,14567126.80361,0.0,0.0,R209,R210,R208,R224,R194,69.64969359892991,69.64969359892991,334.96875330760315,334.8967322749505,R209,50
-81,81,0.03487776888888889,4267005.78626,0.0,0.0,R210,R211,R209,R225,R195,52.40820108893749,52.40820108893749,335.02348832208327,334.96875330760315,R210,50
-81,84,0.0,0.0,0.0,0.0,R211,R-999,R210,R226,R196,35.02035355435418,35.02035355435418,,335.02348832208327,R211,50
-78,42,0.022213092307692306,3279180.0152000003,0.0,208710.0,R212,R213,R-999,R265,R197,993.3937683172086,248.5395706776251,333.3074984067366,,R212,50
-78,45,0.040941115306122454,52532245.2445,989959.6988,2669640.0,R213,R214,R212,R227,R198,236.52699346294787,236.52699346294787,333.48321751194806,333.3074984067366,R213,50
-78,48,0.040772845026178006,53533049.5416,0.0,267940.0,R214,R215,R213,R228,R199,223.86193577281125,223.86193577281125,333.65812705441493,333.48321751194806,R214,50
-78,51,0.036865111695906436,54821651.826,0.0,0.0,R215,R216,R214,R229,R200,210.57850274610283,210.57850274610283,333.8303058578461,333.65812705441493,R215,50
-78,54,0.033407484931506845,50384369.1126,1896.0721931,0.0,R216,R217,R215,R230,R201,196.71261177762548,196.71261177762548,333.9978578481248,333.8303058578461,R216,50
-78,57,0.025821222619047617,36957370.3652,101.4674237,0.0,R217,R218,R216,R231,R202,182.3019064120754,182.3019064120754,334.15893324043475,333.9978578481248,R217,50
-78,60,0.028924914117647058,34112439.1873,0.0,0.0,R218,R219,R217,R232,R203,167.3856623320569,167.3856623320569,334.3117494138862,334.15893324043475,R218,50
-78,63,0.030212603389830506,22666825.7172,0.0,0.0,R219,R220,R218,R233,R204,152.00468545469397,152.00468545469397,334.45461121896113,334.3117494138862,R219,50
-78,66,0.03035558888888889,10318779.8073,0.0,0.0,R220,R221,R219,R234,R205,136.2012022570748,136.2012022570748,334.5859304616568,334.45461121896113,R220,50
-78,69,0.03713513387096774,19707520.1975,0.0,0.0,R221,R222,R220,R235,R206,120.01874256123294,120.01874256123294,334.70424431105016,334.5859304616568,R221,50
-78,72,0.05969876428571429,18201838.50606,181.5087031,0.0,R222,R223,R221,R236,R207,103.5020151220522,103.5020151220522,334.80823238428104,334.70424431105016,R222,50
-78,75,0.039620941666666666,4053301.4375,0.0,0.0,R223,R224,R222,R-999,R208,,86.69677647368049,334.8967322749505,334.80823238428104,R223,50
-78,78,0.06723532745098039,10792710.14721,0.0,0.0,R224,R225,R223,R237,R209,69.64969359892991,69.64969359892991,334.96875330760315,334.8967322749505,R224,50
-78,81,0.05540953043478261,5793814.7648599995,0.0,0.0,R225,R226,R224,R238,R210,52.40820108893749,52.40820108893749,335.02348832208327,334.96875330760315,R225,50
-78,84,0.0,0.0,0.0,0.0,R226,R-999,R225,R239,R211,35.02035355435418,35.02035355435418,,335.02348832208327,R226,50
-75,45,0.03802062826086956,34452274.9103,0.0,1551810.0,R227,R228,R-999,R240,R213,236.52699346294787,236.52699346294787,333.48321751194806,,R227,50
-75,48,0.04042536577540107,53959166.5958,9446.003624,0.0,R228,R229,R227,R241,R214,223.86193577281125,223.86193577281125,333.65812705441493,333.48321751194806,R228,50
-75,51,0.03362029712643678,59816061.4235,498.1814534,0.0,R229,R230,R228,R242,R215,210.57850274610283,210.57850274610283,333.8303058578461,333.65812705441493,R229,50
-75,54,0.03470956273291925,53994386.5482,0.0,0.0,R230,R231,R229,R243,R216,196.71261177762548,196.71261177762548,333.9978578481248,333.8303058578461,R230,50
-75,57,0.029411058620689653,57530429.2955,0.0,0.0,R231,R232,R230,R244,R217,182.3019064120754,182.3019064120754,334.15893324043475,333.9978578481248,R231,50
-75,60,0.027484156390977444,55208254.2761,360.6576986,0.0,R232,R233,R231,R245,R218,167.3856623320569,167.3856623320569,334.3117494138862,334.15893324043475,R232,50
-75,63,0.029486968333333332,22974641.4497,193.8735705,0.0,R233,R234,R232,R246,R219,152.00468545469397,152.00468545469397,334.45461121896113,334.3117494138862,R233,50
-75,66,0.03238987407407407,19373690.5987,0.0,0.0,R234,R235,R233,R247,R220,136.2012022570748,136.2012022570748,334.5859304616568,334.45461121896113,R234,50
-75,69,0.039760165591397854,27523589.186499998,0.0,0.0,R235,R236,R234,R248,R221,120.01874256123294,120.01874256123294,334.70424431105016,334.5859304616568,R235,50
-75,72,0.04950570175438596,14018068.0199,0.0,0.0,R236,R237,R235,R249,R222,103.5020151220522,103.5020151220522,669.7049646592315,334.70424431105016,R236,50
-75,78,0.06715165217391304,5864891.97655,0.0,0.0,R237,R238,R236,R250,R224,69.64969359892991,69.64969359892991,334.96875330760315,669.7049646592315,R237,50
-75,81,0.058653524489795925,7097902.98731,0.0,0.0,R238,R239,R237,R251,R225,52.40820108893749,52.40820108893749,335.02348832208327,334.96875330760315,R238,50
-75,84,0.0,0.0,0.0,0.0,R239,R-999,R238,R252,R226,35.02035355435418,35.02035355435418,,335.02348832208327,R239,50
-72,45,0.035921909649122806,28059408.9624,590329.9201,3167750.0,R240,R241,R-999,R253,R227,236.52699346294787,236.52699346294787,333.48321751194806,,R240,50
-72,48,0.043647452849740934,50094533.8222,144228.5333,977180.0,R241,R242,R240,R254,R228,223.86193577281125,223.86193577281125,333.65812705441493,333.48321751194806,R241,50
-72,51,0.03821719421965318,53067673.2386,0.0,0.0,R242,R243,R241,R255,R229,210.57850274610283,210.57850274610283,333.8303058578461,333.65812705441493,R242,50
-72,54,0.031621368125,58212063.1366,8.306170499,0.0,R243,R244,R242,R256,R230,196.71261177762548,196.71261177762548,333.9978578481248,333.8303058578461,R243,50
-72,57,0.029344736301369866,57408966.3305,364.8107839,0.0,R244,R245,R243,R257,R231,182.3019064120754,182.3019064120754,334.15893324043475,333.9978578481248,R244,50
-72,60,0.026117229770992366,57411677.7976,180.3760435,0.0,R245,R246,R244,R258,R232,167.3856623320569,167.3856623320569,334.3117494138862,334.15893324043475,R245,50
-72,63,0.03144334935064935,28732380.3229,0.0,0.0,R246,R247,R245,R259,R233,152.00468545469397,152.00468545469397,334.45461121896113,334.3117494138862,R246,50
-72,66,0.03520764509803922,32943474.88,154.7024256,0.0,R247,R248,R246,R260,R234,136.2012022570748,136.2012022570748,334.5859304616568,334.45461121896113,R247,50
-72,69,0.040855087234042554,28263388.4135,1.982154324,0.0,R248,R249,R247,R261,R235,120.01874256123294,120.01874256123294,334.70424431105016,334.5859304616568,R248,50
-72,72,0.05703144705882353,6689055.8532,135.6359887,0.0,R249,R250,R248,R262,R236,103.5020151220522,103.5020151220522,669.7049646592315,334.70424431105016,R249,50
-72,78,0.0751368,153952.9586,0.0,0.0,R250,R251,R249,R-999,R237,,69.64969359892991,334.96875330760315,669.7049646592315,R250,50
-72,81,0.054004795555555554,6354718.20392,0.0,0.0,R251,R252,R250,R263,R238,52.40820108893749,52.40820108893749,335.02348832208327,334.96875330760315,R251,50
-72,84,0.0,0.0,0.0,0.0,R252,R-999,R251,R264,R239,35.02035355435418,35.02035355435418,,335.02348832208327,R252,50
-69,45,0.043606844444444445,4857851.0733,0.0,0.0,R253,R254,R-999,R266,R240,236.52699346294787,236.52699346294787,333.48321751194806,,R253,50
-69,48,0.03998501194968553,46917425.8007,0.0,48530.0,R254,R255,R253,R267,R241,223.86193577281125,223.86193577281125,333.65812705441493,333.48321751194806,R254,50
-69,51,0.04031092840909091,50586548.4314,3026.844041,0.0,R255,R256,R254,R268,R242,210.57850274610283,210.57850274610283,333.8303058578461,333.65812705441493,R255,50
-69,54,0.031123383018867926,58862774.69,1459.715077,0.0,R256,R257,R255,R269,R243,196.71261177762548,196.71261177762548,333.9978578481248,333.8303058578461,R256,50
-69,57,0.03475383793103449,49101412.768,0.0,0.0,R257,R258,R256,R270,R244,182.3019064120754,182.3019064120754,334.15893324043475,333.9978578481248,R257,50
-69,60,0.026175067142857143,31001635.9709,0.0,0.0,R258,R259,R257,R271,R245,167.3856623320569,167.3856623320569,334.3117494138862,334.15893324043475,R258,50
-69,63,0.031045285393258425,32820892.9872,48.04364527,0.0,R259,R260,R258,R272,R246,152.00468545469397,152.00468545469397,334.45461121896113,334.3117494138862,R259,50
-69,66,0.033876584403669724,37978199.02,0.0,0.0,R260,R261,R259,R273,R247,136.2012022570748,136.2012022570748,334.5859304616568,334.45461121896113,R260,50
-69,69,0.0417667,27727224.7218,0.0,0.0,R261,R262,R260,R274,R248,120.01874256123294,120.01874256123294,334.70424431105016,334.5859304616568,R261,50
-69,72,0.05584251,2235840.9213,0.0,0.0,R262,R263,R261,R-999,R249,,103.5020151220522,1004.6737179668345,334.70424431105016,R262,50
-69,81,0.032065482352941176,4668921.1486,3.964308647,0.0,R263,R264,R262,R275,R251,52.40820108893749,52.40820108893749,335.02348832208327,1004.6737179668345,R263,50
-69,84,0.0,0.0,0.0,0.0,R264,R-999,R263,R276,R252,35.02035355435418,35.02035355435418,,335.02348832208327,R264,50
-66,42,0.02276002,2563190.6888,0.0,0.0,R265,R266,R-999,R-999,R212,,993.3937683172086,333.3074984067366,,R265,50
-66,45,0.03928010613496932,48542757.253,7951.64804,280960.0,R266,R267,R265,R277,R253,236.52699346294787,236.52699346294787,333.48321751194806,333.3074984067366,R266,50
-66,48,0.04114899244186046,48464323.8261,76427.056919,1403410.0,R267,R268,R266,R278,R254,223.86193577281125,223.86193577281125,333.65812705441493,333.48321751194806,R267,50
-66,51,0.039869788356164386,42749577.7612,4433.796057,0.0,R268,R269,R267,R279,R255,210.57850274610283,210.57850274610283,333.8303058578461,333.65812705441493,R268,50
-66,54,0.032441546249999995,57615936.6062,0.0,0.0,R269,R270,R268,R280,R256,196.71261177762548,196.71261177762548,333.9978578481248,333.8303058578461,R269,50
-66,57,0.031783680952380954,53784894.4564,2.54848413,0.0,R270,R271,R269,R281,R257,182.3019064120754,182.3019064120754,334.15893324043475,333.9978578481248,R270,50
-66,60,0.028129420408163266,20757236.2174,0.0,0.0,R271,R272,R270,R282,R258,167.3856623320569,167.3856623320569,334.3117494138862,334.15893324043475,R271,50
-66,63,0.030870729906542056,39854977.3556,760.297765601,0.0,R272,R273,R271,R283,R259,152.00468545469397,152.00468545469397,334.45461121896113,334.3117494138862,R272,50
-66,66,0.05147915368421053,25451429.12509,220.679848,0.0,R273,R274,R272,R284,R260,136.2012022570748,136.2012022570748,334.5859304616568,334.45461121896113,R273,50
-66,69,0.058841152499999994,9130239.86574,0.0,0.0,R274,R275,R273,R285,R261,120.01874256123294,120.01874256123294,1339.3779622778848,334.5859304616568,R274,50
-66,81,0.01757510909090909,3404248.3156,0.0,0.0,R275,R276,R274,R286,R263,52.40820108893749,52.40820108893749,335.02348832208327,1339.3779622778848,R275,50
-66,84,0.0,0.0,0.0,0.0,R276,R-999,R275,R287,R264,35.02035355435418,35.02035355435418,,335.02348832208327,R276,50
-63,45,0.03328759769230769,46262130.1932,113720.8186,185370.0,R277,R278,R-999,R288,R266,236.52699346294787,236.52699346294787,333.48321751194806,,R277,50
-63,48,0.02747094090909091,18617040.0647,1321.247439,0.0,R278,R279,R277,R289,R267,223.86193577281125,223.86193577281125,333.65812705441493,333.48321751194806,R278,50
-63,51,0.03660493935483871,50157840.5938,0.0,0.0,R279,R280,R278,R290,R268,210.57850274610283,210.57850274610283,333.8303058578461,333.65812705441493,R279,50
-63,54,0.03141754556962025,59111329.4029,1081.029213,0.0,R280,R281,R279,R291,R269,196.71261177762548,196.71261177762548,333.9978578481248,333.8303058578461,R280,50
-63,57,0.02810636690140845,59523026.7299,0.0,0.0,R281,R282,R280,R292,R270,182.3019064120754,182.3019064120754,334.15893324043475,333.9978578481248,R281,50
-63,60,0.027198285714285713,14312655.6329,1.793377721,0.0,R282,R283,R281,R-999,R271,,167.3856623320569,334.3117494138862,334.15893324043475,R282,50
-63,63,0.030215070588235294,6610330.9058,0.0,0.0,R283,R284,R282,R-999,R272,,152.00468545469397,334.45461121896113,334.3117494138862,R283,50
-63,66,0.05762586103896104,17177790.70268,1.887766023,0.0,R284,R285,R283,R293,R273,136.2012022570748,136.2012022570748,334.5859304616568,334.45461121896113,R284,50
-63,69,0.051613025,914616.7514,0.0,0.0,R285,R286,R284,R-999,R274,,120.01874256123294,1339.3779622778848,334.5859304616568,R285,50
-63,81,0.002197825,438597.4798,0.0,0.0,R286,R287,R285,R294,R275,52.40820108893749,52.40820108893749,335.02348832208327,1339.3779622778848,R286,50
-63,84,0.0,0.0,0.0,0.0,R287,R-999,R286,R-999,R276,,35.02035355435418,,335.02348832208327,R287,50
-60,45,0.03170246818181818,16967652.3975,0.0,0.0,R288,R289,R-999,R-999,R277,,236.52699346294787,333.48321751194806,,R288,50
-60,48,0.02740554358974359,16893088.4076,0.0,0.0,R289,R290,R288,R295,R278,223.86193577281125,223.86193577281125,333.65812705441493,333.48321751194806,R289,50
-60,51,0.03429045158730159,43423127.6978,0.0,0.0,R290,R291,R289,R296,R279,210.57850274610283,210.57850274610283,333.8303058578461,333.65812705441493,R290,50
-60,54,0.03346304267515923,55033419.3813,362.356688,0.0,R291,R292,R290,R297,R280,196.71261177762548,196.71261177762548,333.9978578481248,333.8303058578461,R291,50
-60,57,0.026582913333333333,13268509.7907,0.0,0.0,R292,R293,R291,R-999,R281,,182.3019064120754,1002.9252938732816,333.9978578481248,R292,50
-60,66,0.03130273333333333,1130597.6748,0.0,0.0,R293,R294,R292,R-999,R284,,136.2012022570748,1673.963892739542,1002.9252938732816,R293,50
-60,81,0.0,0.0,0.0,0.0,R294,R-999,R293,R-999,R286,,52.40820108893749,,1673.963892739542,R294,50
-57,48,0.02899055144927536,55050165.8041,3658.868105,0.0,R295,R296,R-999,R298,R289,223.86193577281125,223.86193577281125,333.65812705441493,,R295,50
-57,51,0.029348135664335664,57190700.6958,3052.234494,0.0,R296,R297,R295,R299,R290,210.57850274610283,210.57850274610283,333.8303058578461,333.65812705441493,R296,50
-57,54,0.02963961960784314,40639567.3091,334.5121392,0.0,R297,R-999,R296,R-999,R291,,196.71261177762548,,333.8303058578461,R297,50
-54,48,0.025727239735099338,65036086.8349,34197.5422169,47990.0,R298,R299,R-999,R-999,R295,,223.86193577281125,333.65812705441493,,R298,50
-54,51,0.02180792105263158,10136441.1692,0.0,0.0,R299,R-999,R298,R-999,R296,,210.57850274610283,,333.65812705441493,R299,50
